Date,Open,High,Low,Close,Volume,Dividends,Stock Splits,SMA_10,EMA_10,RSI,Predicted_Close
2023-03-10 00:00:00+05:30,3217.3105843092576,3240.9580923015737,3195.0714281735495,3234.888427734375,1024404,0.0,0.0,3255.7240966796876,3267.5433001882066,33.17187220030131,
2023-03-13 00:00:00+05:30,3236.830233982081,3272.568461002451,3177.5903167084816,3187.253173828125,1901233,0.0,0.0,3244.216015625,3252.9450953954643,30.002923015984535,
2023-03-14 00:00:00+05:30,3185.3593840118433,3209.0552553227085,3116.796370724804,3122.186279296875,2670334,0.0,0.0,3232.8632568359376,3229.170765195721,28.310184372418604,
2023-03-15 00:00:00+05:30,3156.225277030815,3166.2767354438593,3099.8987951638037,3106.599609375,1780522,0.0,0.0,3221.797021484375,3206.8851005010442,30.16154198270388,
2023-03-16 00:00:00+05:30,3115.436948096546,3126.896520449565,3080.4756855867345,3093.1005859375,1901060,0.0,0.0,3202.306103515625,3186.197006944036,27.673676169505654,
2023-03-17 00:00:00+05:30,3059.5961273459843,3128.450298633128,3053.283676995961,3087.565185546875,6739966,0.0,0.0,3188.50126953125,3168.263948508188,28.093122774617612,
2023-03-20 00:00:00+05:30,3078.193811094538,3078.193811094538,3005.7464385217636,3052.604248046875,2289468,0.0,0.0,3169.1900390625,3147.2349120606764,30.032825291181368,
2023-03-21 00:00:00+05:30,3052.6038860020644,3065.665754921995,3008.0767380668162,3016.477294921875,1815297,0.0,0.0,3143.3818115234376,3123.460799853621,28.918104999584727,
2023-03-22 00:00:00+05:30,3039.735995870233,3052.797863917727,3016.4770934435005,3040.46435546875,1123939,0.0,0.0,3118.1708251953123,3108.37053723819,21.17817611242816,
2023-03-23 00:00:00+05:30,3025.0235110873455,3055.5662518595345,3011.5246723734517,3034.4921875,1372218,0.0,0.0,3097.563134765625,3094.938110013064,24.38167470287202,
2023-03-24 00:00:00+05:30,3058.042373096574,3078.5336540868852,3016.380293247276,3030.4619140625,1329577,0.0,0.0,3077.1204833984375,3083.2151652947796,19.847569462731258,
2023-03-27 00:00:00+05:30,3044.5437159339463,3061.7815631294256,3016.380472628656,3032.210205078125,1524217,0.0,0.0,3061.6161865234376,3073.9415361644787,13.263630193410677,
2023-03-28 00:00:00+05:30,3036.774447559244,3058.6738438088323,3020.4105377410865,3025.99462890625,1303530,0.0,0.0,3051.997021484375,3065.2239166629824,8.091598131314598,
2023-03-29 00:00:00+05:30,3038.716557695637,3059.110628552655,3014.5351113751008,3048.330810546875,1740616,0.0,0.0,3046.1701416015626,3062.15244282369,16.66943219241287,
2023-03-31 00:00:00+05:30,3097.907483773627,3120.2924490110167,3061.052536346942,3113.397216796875,2382581,0.0,0.0,3048.1998046875,3071.469674455178,32.53267567783867,
2023-04-03 00:00:00+05:30,3131.8977739804427,3131.8977739804427,3082.175137805939,3107.667724609375,1521830,0.0,0.0,3050.21005859375,3078.0511381195774,36.98994578578681,
2023-04-05 00:00:00+05:30,3093.5865328090617,3170.161513257988,3093.5865328090617,3146.31982421875,2655065,0.0,0.0,3059.5816162109377,3090.463626501245,54.31809703366989,
2023-04-06 00:00:00+05:30,3131.9467283435015,3163.363405092675,3122.2352656199555,3127.770751953125,1703464,0.0,0.0,3070.7109619140624,3097.2467402197685,53.74831315750116,
2023-04-10 00:00:00+05:30,3127.0906327771477,3177.590233058021,3122.23490198091,3169.23828125,2203187,0.0,0.0,3083.5883544921876,3110.336111316174,62.26533973724658,
2023-04-11 00:00:00+05:30,3169.8213179020377,3178.5130293048537,3100.044365927735,3121.06982421875,2348779,0.0,0.0,3092.2461181640624,3112.2876954802787,54.745558398014836,
2023-04-12 00:00:00+05:30,3134.811311350482,3166.8591357713685,3106.696676436861,3148.115966796875,2417727,0.0,0.0,3104.0115234375,3118.8019266287506,63.83843929163672,
2023-04-13 00:00:00+05:30,3117.379492295313,3136.802417480954,3088.2451045168523,3096.83984375,4174070,0.0,0.0,3110.4744873046875,3114.8088206507955,61.153878214620455,
2023-04-17 00:00:00+05:30,3043.6692357201127,3072.1236281648985,2981.6614593637087,3048.913330078125,5505048,0.0,0.0,3112.766357421875,3102.827822364855,51.09959907703199,
2023-04-18 00:00:00+05:30,3063.9179526598205,3065.7632728760723,3020.8477567811556,3040.416259765625,2617302,0.0,0.0,3111.97490234375,3091.480265528631,50.765959515417364,
2023-04-19 00:00:00+05:30,3040.416187488552,3049.3992904939882,2982.875770940218,3000.45361328125,3298034,0.0,0.0,3100.6805419921875,3074.9299651200163,46.449911618933186,
2023-04-20 00:00:00+05:30,3000.8418322152856,3023.1781953676973,2989.188077527071,3015.21484375,2419999,0.0,0.0,3091.43525390625,3064.0726703254677,48.04944517638857,
2023-04-21 00:00:00+05:30,3020.264823653521,3073.143689304346,3011.330325613732,3069.647705078125,1929184,0.0,0.0,3083.7680419921876,3065.0863130077687,54.510809868517654,
2023-04-24 00:00:00+05:30,3060.1789503520517,3089.1675227771393,3035.9486624728206,3083.195068359375,1640676,0.0,0.0,3079.3104736328123,3068.378813980788,53.66928065613534,
2023-04-25 00:00:00+05:30,3091.158619686098,3099.121971789757,3056.6829266295927,3084.360595703125,2024090,0.0,0.0,3070.822705078125,3071.2845924757585,46.46912899996557,
2023-04-26 00:00:00+05:30,3089.216031424418,3115.825342200833,3089.216031424418,3105.87109375,2000029,0.0,0.0,3069.30283203125,3077.573047252893,49.78960351455621,
2023-04-27 00:00:00+05:30,3093.100742212937,3106.8909712581844,3079.1646989754563,3095.965576171875,2434446,0.0,0.0,3064.08779296875,3080.9171434199807,43.67752951238279,
2023-04-28 00:00:00+05:30,3108.056347273647,3134.1317187871605,3104.026185195898,3126.362548828125,2931312,0.0,0.0,3067.0400634765624,3089.1799444032795,49.82829490409759,
2023-05-02 00:00:00+05:30,3141.65803256351,3141.65803256351,3117.379376979557,3126.508056640625,2321159,0.0,0.0,3074.7995361328126,3095.9668739009785,44.20595232026081,
2023-05-03 00:00:00+05:30,3123.206424632261,3123.206424632261,3081.592711853617,3088.14794921875,2468285,0.0,0.0,3079.572705078125,3094.5452512314823,45.41393856865148,
2023-05-04 00:00:00+05:30,3088.3907231898957,3131.4125504744547,3086.3028535428366,3127.770751953125,1953253,0.0,0.0,3092.3044189453126,3100.58625136269,47.261826841943396,
2023-05-05 00:00:00+05:30,3127.090960161784,3150.3984704238596,3117.428102284883,3137.482177734375,1710027,0.0,0.0,3104.53115234375,3107.294601612087,56.158936379128036,
2023-05-08 00:00:00+05:30,3151.3693478923437,3160.935232584995,3138.0646926717986,3156.807861328125,928235,0.0,0.0,3113.24716796875,3116.2970124695485,67.90214775866679,
2023-05-09 00:00:00+05:30,3158.7503319410034,3202.8402760757726,3152.340671965421,3188.515869140625,1107375,0.0,0.0,3123.779248046875,3129.427713682471,72.8157143695341,
2023-05-10 00:00:00+05:30,3195.0712437066086,3211.095157238876,3171.812337847206,3191.963623046875,1559987,0.0,0.0,3134.53955078125,3140.7978790214534,83.24350301784091,
2023-05-11 00:00:00+05:30,3213.5228809271507,3214.20263587014,3177.590470351658,3187.447509765625,1719623,0.0,0.0,3142.6971923828123,3149.2796300658483,80.99983038230774,
2023-05-12 00:00:00+05:30,3184.533891309846,3195.070922168256,3165.936536859731,3179.823974609375,1027479,0.0,0.0,3151.0830322265624,3154.83314725558,73.84903849609248,
2023-05-15 00:00:00+05:30,3189.2440287909,3197.013198166761,3154.6227625982133,3161.12939453125,1150390,0.0,0.0,3154.559716796875,3155.97791948752,66.50213760267988,
2023-05-16 00:00:00+05:30,3162.246204909835,3190.2152628527233,3156.6621142670942,3164.139892578125,986306,0.0,0.0,3158.322900390625,3157.4619145949027,66.76183519669416,
2023-05-17 00:00:00+05:30,3162.003603942879,3185.35971881257,3105.9685124061893,3116.116943359375,1588815,0.0,0.0,3161.1197998046873,3149.944647097534,51.93689614780724,
2023-05-18 00:00:00+05:30,3132.8692361149965,3135.782674900657,3102.812306728846,3107.5224609375,1369364,0.0,0.0,3159.094970703125,3142.2315223411642,52.19562016981651,
2023-05-19 00:00:00+05:30,3117.379805335952,3141.1728910776123,3110.6303855754304,3129.859130859375,1152449,0.0,0.0,3158.332666015625,3139.9819966172026,50.68528151950483,
2023-05-22 00:00:00+05:30,3136.802320990121,3212.988695267985,3124.226024738528,3203.52001953125,1333243,0.0,0.0,3163.0038818359376,3151.5343644197565,61.71692701310684,
2023-05-23 00:00:00+05:30,3210.6096807508075,3231.9262947025404,3195.1685493570276,3201.91796875,1687418,0.0,0.0,3164.344091796875,3160.695019752528,69.48934782063185,
2023-05-24 00:00:00+05:30,3181.475187431793,3221.4863664234663,3181.475187431793,3208.0361328125,1016555,0.0,0.0,3165.9513427734373,3169.3024948543407,65.53286182019191,
2023-05-25 00:00:00+05:30,3198.956032152583,3210.6097881895685,3172.8322905415157,3198.470458984375,1374917,0.0,0.0,3167.0536376953123,3174.6057610598014,61.809041900429044,
2023-05-26 00:00:00+05:30,3198.4699091115376,3242.3170638240954,3196.0420436878912,3232.848388671875,1791115,0.0,0.0,3172.3560791015625,3185.195329716542,63.912603006024916,
2023-05-29 00:00:00+05:30,3263.828226894275,3274.705017016719,3216.4362444719377,3224.54541015625,1210372,0.0,0.0,3178.6976806640623,3192.3498897964882,57.20953409185283,
2023-05-30 00:00:00+05:30,3219.3498086416594,3230.9549588734703,3206.0937572092826,3220.51513671875,1344224,0.0,0.0,3184.335205078125,3197.4708437823538,55.699888192570015,
2023-05-31 00:00:00+05:30,3213.5230458507895,3231.6834338976632,3170.9381865636433,3194.585693359375,5815424,0.0,0.0,3192.182080078125,3196.9462709781756,51.31279297401176,
2023-06-01 00:00:00+05:30,3218.378382126203,3243.6281823480745,3202.3544704469386,3228.08984375,1177314,0.0,0.0,3204.238818359375,3202.6087387548705,58.10507983440296,
2023-06-02 00:00:00+05:30,3230.275266958637,3239.646733586095,3202.30620708139,3210.22119140625,2030661,0.0,0.0,3212.2750244140625,3203.992821055121,58.26670525668391,
2023-06-05 00:00:00+05:30,3219.3501887044,3231.0039450436016,3190.2644025937325,3194.003173828125,1861468,0.0,0.0,3211.32333984375,3202.1765215593036,54.81460314161514,
2023-06-06 00:00:00+05:30,3185.359514682615,3193.954253333593,3127.673525627163,3139.035888671875,2022849,0.0,0.0,3205.0351318359376,3190.696406488862,53.61410160262283,
2023-06-07 00:00:00+05:30,3159.138972893226,3184.2432000555236,3147.4852170756053,3180.406982421875,1567196,0.0,0.0,3202.272216796875,3188.825602113046,60.41644132340637,
2023-06-08 00:00:00+05:30,3166.908095417953,3175.6484121486374,3139.7159989224906,3143.06640625,1759366,0.0,0.0,3196.7318115234375,3180.5057483197647,51.809924019124026,
2023-06-09 00:00:00+05:30,3151.369580731293,3156.2253119804936,3112.863726763632,3116.69970703125,1775689,0.0,0.0,3185.116943359375,3168.9046499036713,36.330221766412606,
2023-06-12 00:00:00+05:30,3122.235371450321,3160.498441039542,3118.350786229232,3153.21484375,2324605,0.0,0.0,3177.98388671875,3166.051957875731,43.091286393275254,
2023-06-13 00:00:00+05:30,3165.936418967206,3170.7921496711433,3145.542350010669,3150.106689453125,1371928,0.0,0.0,3170.9430419921873,3163.15281816253,41.71172121533059,
2023-06-14 00:00:00+05:30,3150.1068537014166,3161.9064221849558,3132.7720364422485,3157.244873046875,1658544,0.0,0.0,3167.2089599609376,3162.07864632332,44.06037411974927,
2023-06-15 00:00:00+05:30,3175.0999871978906,3177.203384357294,3140.563524345176,3146.727294921875,2273810,24.0,0.0,3159.072705078125,3159.287491523057,36.675913209411526,
2023-06-16 00:00:00+05:30,3127.845191508406,3130.193181188102,3087.732068939796,3106.22314453125,4156189,0.0,0.0,3148.672900390625,3149.6394284336375,33.35268343553393,
2023-06-19 00:00:00+05:30,3120.9962076983998,3145.3574932115357,3106.3206769411972,3140.954833984375,1468186,0.0,0.0,3143.36806640625,3148.0604112610445,39.69641839726771,
2023-06-20 00:00:00+05:30,3144.477254878142,3162.577077284877,3131.8074269653407,3157.880859375,1528452,0.0,0.0,3145.2525634765625,3149.8459472817635,45.13298400980506,
2023-06-21 00:00:00+05:30,3179.6983714541743,3190.8516794286847,3154.2118182741465,3187.720947265625,1645987,0.0,0.0,3145.9839599609377,3156.732310915193,44.594609614508265,
2023-06-22 00:00:00+05:30,3189.4824399678673,3196.9668661006463,3160.229306997884,3168.447509765625,1529603,0.0,0.0,3148.5220703125,3158.862347069817,44.42747296051795,
2023-06-23 00:00:00+05:30,3167.2733900849407,3179.1115093466497,3139.732164822479,3146.776611328125,1119505,0.0,0.0,3151.5297607421876,3156.6649405713274,43.790406974877854,
2023-06-26 00:00:00+05:30,3135.6721098652365,3144.3794969353835,3104.3643072082355,3120.654052734375,1978803,0.0,0.0,3148.273681640625,3150.117506419154,47.38468100833518,
2023-06-27 00:00:00+05:30,3132.736819262411,3140.2212448514265,3113.4630021562884,3128.1875,863542,0.0,0.0,3146.0817626953126,3146.130232524762,41.77875423859758,
2023-06-28 00:00:00+05:30,3138.606952531657,3161.060467590357,3124.322673226312,3145.895751953125,1575872,0.0,0.0,3144.9468505859377,3146.087599693555,50.47479206082451,
2023-06-30 00:00:00+05:30,3150.347763894409,3238.4009622641283,3144.5754831006734,3230.818603515625,2672406,0.0,0.0,3153.3559814453124,3161.4932367521133,66.00489633801853,
2023-07-03 00:00:00+05:30,3242.6078481181125,3247.0105078355664,3198.043100317301,3201.516357421875,1687264,0.0,0.0,3162.885302734375,3168.7701677829787,56.91405302604054,
2023-07-04 00:00:00+05:30,3218.8330449603595,3243.2922626272316,3206.407810157498,3237.275390625,1656681,0.0,0.0,3172.5173583984374,3181.225662845164,61.4109963188788,
2023-07-05 00:00:00+05:30,3248.1844642595165,3256.9897835903407,3233.508932041477,3248.135498046875,1453008,0.0,0.0,3181.542822265625,3193.3910874272933,61.783398767118605,
2023-07-06 00:00:00+05:30,3235.0252983303376,3256.451478810535,3230.5736726630234,3251.021484375,1848238,0.0,0.0,3187.8728759765627,3203.869341417785,63.7940398655434,
2023-07-07 00:00:00+05:30,3230.5738248103926,3284.2861771714965,3230.5738248103926,3257.234375,1789326,0.0,0.0,3196.7515625,3213.5720747963696,71.9653010870754,
2023-07-10 00:00:00+05:30,3252.8315017594136,3252.8315017594136,3194.569594921475,3201.173583984375,1407431,0.0,0.0,3202.191259765625,3211.3178037396433,58.24736752706034,
2023-07-11 00:00:00+05:30,3223.725244427865,3223.725244427865,3190.26507873713,3201.614013671875,1110172,0.0,0.0,3210.287255859375,3209.5534782727764,56.27280985154467,
2023-07-12 00:00:00+05:30,3209.978987850496,3218.0015640417964,3179.796454426586,3189.38427734375,1515240,0.0,0.0,3216.40693359375,3205.886350831135,50.251271478677154,
2023-07-13 00:00:00+05:30,3212.9629940101117,3294.6078189087675,3201.956345507489,3268.289794921875,4585146,0.0,0.0,3228.646337890625,3217.2324315749056,62.78014797888444,
2023-07-14 00:00:00+05:30,3292.210751370901,3448.6030872138713,3279.491957977789,3438.62353515625,6306101,0.0,0.0,3249.4268310546877,3257.4853594987862,77.05906293729721,
2023-07-17 00:00:00+05:30,3434.0743621715087,3473.1111803173258,3401.8371591646314,3416.170166015625,2743228,0.0,0.0,3270.8922119140625,3286.3371425018477,77.58695664064851,
2023-07-18 00:00:00+05:30,3400.809656961085,3447.771355331088,3390.0476010846255,3421.208740234375,2600090,0.0,0.0,3289.285546875,3310.859251180489,77.48206772841407,
2023-07-19 00:00:00+05:30,3424.2903754047697,3440.7759831844633,3371.115942174311,3394.98828125,2405370,0.0,0.0,3303.9708251953125,3326.1554384658543,72.99489429564764,
2023-07-20 00:00:00+05:30,3387.1905367842733,3412.4978988117155,3370.4659234197393,3397.19580078125,1715404,9.0,0.0,3318.5882568359375,3339.071867977744,68.12741628038987,
2023-07-21 00:00:00+05:30,3339.0764233280634,3369.3374409569346,3294.93534523155,3304.0087890625,3770223,0.0,0.0,3323.2656982421877,3332.696762720427,59.80235073917667,
2023-07-24 00:00:00+05:30,3316.466549048623,3348.2971250852347,3307.736519941008,3329.9541015625,1680132,0.0,0.0,3336.14375,3332.1980970553495,59.03333948862825,
2023-07-25 00:00:00+05:30,3332.651609023338,3341.7741469750813,3315.681767797957,3334.27001953125,1272980,0.0,0.0,3349.4093505859373,3332.5748102327857,58.50396771641662,
2023-07-26 00:00:00+05:30,3335.4472455011364,3355.5559597714414,3320.390136828414,3323.627197265625,1066803,0.0,0.0,3362.833642578125,3330.9479715114835,57.06014655253048,
2023-07-27 00:00:00+05:30,3330.150011990874,3346.5312085902733,3320.439070627109,3332.062744140625,1701769,0.0,0.0,3369.2109375,3331.1506574440546,57.244959562565626,
2023-07-28 00:00:00+05:30,3320.390097497635,3328.923991654151,3267.420801998411,3291.35498046875,2599831,0.0,0.0,3354.48408203125,3323.915079812181,58.99899481425503,
2023-07-31 00:00:00+05:30,3300.1829199776016,3361.2447416194022,3296.749725186496,3356.14404296875,2743678,0.0,0.0,3348.4814697265624,3329.7748912951934,63.66525053229179,
2023-08-01 00:00:00+05:30,3349.8175298065426,3393.95860999433,3349.8175298065426,3386.160400390625,1956167,0.0,0.0,3344.9766357421877,3340.026802039817,66.87041058145508,
2023-08-02 00:00:00+05:30,3369.386383982837,3380.6177876784345,3348.4440393320706,3374.9775390625,1914899,0.0,0.0,3342.9755615234376,3346.3814814984867,60.348462222298004,
2023-08-03 00:00:00+05:30,3354.722284155866,3367.7193807245985,3303.7148108295196,3335.054931640625,2026351,0.0,0.0,3336.761474609375,3344.322108797057,36.551808965989046,
2023-08-04 00:00:00+05:30,3336.330089244207,3404.7487658262826,3336.330089244207,3377.82275390625,2248493,0.0,0.0,3344.14287109375,3350.4131351805463,45.270185222547106,
2023-08-07 00:00:00+05:30,3388.0242291577247,3421.4243629363136,3375.566682613128,3417.5498046875,1853889,0.0,0.0,3352.90244140625,3362.6198023636284,49.58427622676932,
2023-08-08 00:00:00+05:30,3417.549430984884,3423.336720953503,3390.623421400275,3404.356201171875,1634225,0.0,0.0,3359.9110595703123,3370.2082385105823,51.096840142216756,
2023-08-09 00:00:00+05:30,3398.764983820485,3400.8249966860335,3359.6757487612945,3396.410888671875,1794589,0.0,0.0,3367.1894287109376,3374.972356721726,49.90931722498862,
2023-08-10 00:00:00+05:30,3384.1492620457766,3398.764767414227,3364.58009899182,3376.400146484375,1096701,0.0,0.0,3371.6231689453125,3375.2319548603896,60.06546122600281,
2023-08-11 00:00:00+05:30,3372.4766921160776,3400.481563451469,3348.8365957504043,3382.972412109375,1679974,0.0,0.0,3380.784912109375,3376.6393107238414,57.79154566544751,
2023-08-14 00:00:00+05:30,3375.026944742385,3389.05404701546,3345.8938797018045,3384.00244140625,1190425,0.0,0.0,3383.570751953125,3377.978061757007,57.379927281791026,
2023-08-16 00:00:00+05:30,3384.149587387931,3399.84419417002,3369.63202821836,3392.38916015625,1328445,0.0,0.0,3384.1936279296874,3380.5982614659597,60.27255465645815,
2023-08-17 00:00:00+05:30,3389.0537139219737,3394.743056041188,3348.0515111077693,3370.171142578125,1843241,0.0,0.0,3383.71298828125,3378.702421668171,55.46795634378499,
2023-08-18 00:00:00+05:30,3344.9131002675385,3344.9131002675385,3292.4342583718458,3302.83203125,2526749,0.0,0.0,3380.4906982421876,3364.907805228503,51.529859100660246,
2023-08-21 00:00:00+05:30,3310.5811780071685,3344.667902728872,3307.638439182273,3336.722412109375,1375579,0.0,0.0,3376.3806640625,3359.783188297752,47.17875242489476,
2023-08-22 00:00:00+05:30,3335.10387355029,3345.893915494129,3300.8210154521385,3317.594482421875,1222012,0.0,0.0,3366.3851318359375,3352.112514502138,39.714529729222946,
2023-08-23 00:00:00+05:30,3323.3328499733316,3337.0656303451224,3311.5618953689395,3333.38720703125,1330046,0.0,0.0,3359.288232421875,3348.7079131437945,43.84620608638735,
2023-08-24 00:00:00+05:30,3342.95113252712,3347.904790522806,3313.6219328785023,3323.087646484375,1152881,0.0,0.0,3351.955908203125,3344.0496828420814,48.05915733424559,
2023-08-25 00:00:00+05:30,3310.5811868831365,3321.1750945773024,3286.30359151266,3316.760986328125,1158046,0.0,0.0,3345.9919921875,3339.0881016577255,38.769634471715854,
2023-08-28 00:00:00+05:30,3329.218155200834,3329.218155200834,3295.965305954415,3311.120361328125,1037485,0.0,0.0,3338.806787109375,3334.0030579614345,27.619591322088752,
2023-08-29 00:00:00+05:30,3316.51560126301,3324.853360894964,3300.771901355947,3311.708984375,944517,0.0,0.0,3331.57744140625,3329.949590036628,29.427154770023776,
2023-08-30 00:00:00+05:30,3333.1415570699555,3343.048871734026,3318.47695921029,3326.22607421875,1188200,0.0,0.0,3324.9611328125,3329.27258716065,34.85702305814631,
2023-08-31 00:00:00+05:30,3336.084818501507,3352.171694489126,3279.8293671252663,3292.728515625,3417652,0.0,0.0,3317.2168701171877,3322.6282105178043,32.93998413063454,
2023-09-01 00:00:00+05:30,3301.7531681314117,3324.31416720064,3292.7288163998633,3314.701171875,1277950,0.0,0.0,3318.4037841796876,3321.186930764567,36.90253491467695,
2023-09-04 00:00:00+05:30,3313.5237601641343,3367.326928261028,3305.7255505430117,3353.250732421875,1828332,0.0,0.0,3320.0566162109376,3327.0167128840776,44.84286499220855,
2023-09-05 00:00:00+05:30,3354.7219238111265,3381.2065705780565,3340.1552722970455,3363.8935546875,1501842,0.0,0.0,3324.6865234375,3333.7215932119725,45.25710876978541,
2023-09-06 00:00:00+05:30,3368.4549442054767,3378.165886254678,3333.240266410981,3364.43310546875,1314818,0.0,0.0,3327.79111328125,3339.3055045313868,48.970662817291,
2023-09-07 00:00:00+05:30,3365.3158013521524,3393.9584082306815,3356.9780422567883,3389.299072265625,1885092,0.0,0.0,3334.412255859375,3348.39524411943,68.29977048363779,
2023-09-08 00:00:00+05:30,3389.299139819047,3398.863040148469,3369.4847480583285,3376.203857421875,1518917,0.0,0.0,3340.35654296875,3353.4513556289658,59.16227578157755,
2023-09-11 00:00:00+05:30,3395.9204258588675,3419.1680134603776,3379.244906725534,3414.21435546875,1783604,0.0,0.0,3350.6659423828123,3364.4991737816536,70.6153963158942,
2023-09-12 00:00:00+05:30,3425.3480074973972,3521.3792891203507,3416.5197909832286,3512.453125,4476016,0.0,0.0,3370.7403564453125,3391.3998921849893,78.26299061617568,
2023-09-13 00:00:00+05:30,3502.937966755518,3520.349169804886,3477.336045634318,3499.75,1754929,0.0,0.0,3388.0927490234376,3411.0999117877186,77.67365230301125,
2023-09-14 00:00:00+05:30,3501.9080055582203,3529.0301503590376,3477.924734014898,3492.098876953125,2604721,0.0,0.0,3408.02978515625,3425.826996363247,77.35267995204224,
2023-09-15 00:00:00+05:30,3499.7503889842496,3538.496450780873,3494.453315328695,3529.619140625,2952897,0.0,0.0,3429.52158203125,3444.698295319929,81.00216086867059,
2023-09-18 00:00:00+05:30,3511.7174078308485,3550.218240606211,3507.00897783734,3537.319091796875,1395753,0.0,0.0,3447.92841796875,3461.538440133919,81.37795588406068,
2023-09-20 00:00:00+05:30,3511.6683611614353,3555.8094439134643,3511.6683611614353,3537.22119140625,1649396,0.0,0.0,3465.261181640625,3475.298940365252,80.57147385013315,
2023-09-21 00:00:00+05:30,3520.0549101711495,3536.190878906919,3460.6605882894896,3516.866943359375,2004073,0.0,0.0,3480.5045654296873,3482.8567590914563,83.76172099382701,
2023-09-22 00:00:00+05:30,3515.592099210395,3564.39251967237,3497.003846247151,3534.866943359375,1989083,0.0,0.0,3495.0613525390627,3492.3131562310778,83.56502831331265,
2023-09-25 00:00:00+05:30,3533.7387969265096,3550.9047730392685,3490.725669560262,3508.87255859375,1238778,0.0,0.0,3508.32822265625,3495.3239566606544,74.66946866521923,
2023-09-26 00:00:00+05:30,3499.5051407547494,3526.3329662836527,3468.5081957022344,3517.259521484375,1726062,0.0,0.0,3518.6327392578123,3499.312241174058,74.4869980782649,
2023-09-27 00:00:00+05:30,3521.4771184400684,3545.0190267527596,3487.831759913712,3520.79052734375,1541134,0.0,0.0,3519.4664794921873,3503.217384114002,74.7284060827153,
2023-09-28 00:00:00+05:30,3531.286392433025,3534.032996412165,3460.0231670002267,3469.24365234375,1755753,0.0,0.0,3516.4158447265627,3497.040341973956,61.659496678969944,
2023-09-29 00:00:00+05:30,3469.685219352942,3500.338748868246,3438.6394204521216,3461.24951171875,2243791,0.0,0.0,3513.330908203125,3490.532918291191,62.59080384489991,
2023-10-03 00:00:00+05:30,3466.7426859146076,3466.7426859146076,3413.6754361620415,3446.78125,1948148,0.0,0.0,3505.047119140625,3482.5780695109743,55.182724510649535,
2023-10-04 00:00:00+05:30,3419.75668860395,3480.278966592467,3410.9284725105645,3470.224609375,1788138,0.0,0.0,3498.3376708984374,3480.331985849888,41.1800340217919,
2023-10-05 00:00:00+05:30,3486.164476643891,3554.8283802356386,3483.4178726040827,3520.83984375,2990768,0.0,0.0,3496.6995361328127,3487.6970509226358,53.80266165185819,
2023-10-06 00:00:00+05:30,3522.4584181596297,3565.5694945960195,3506.812904437935,3552.278076171875,2075691,0.0,0.0,3500.2406494140623,3499.4390555134064,59.99352938696212,
2023-10-09 00:00:00+05:30,3575.4763649510105,3608.7783076898504,3561.694491770005,3568.904296875,4233074,0.0,0.0,3503.644384765625,3512.069099397332,57.01027981521078,
2023-10-10 00:00:00+05:30,3570.5720882670375,3578.370298010478,3532.610806521453,3559.634765625,1848148,0.0,0.0,3508.72060546875,3520.7174023478174,53.95996066249898,
2023-10-11 00:00:00+05:30,3580.332263638608,3580.332263638608,3536.191180936214,3540.99755859375,2426417,0.0,0.0,3511.0944091796873,3524.4047034834416,50.62875390633892,
2023-10-12 00:00:00+05:30,3506.763435383936,3520.1527999813134,3470.5678470459497,3474.932861328125,4241281,0.0,0.0,3506.508642578125,3515.4098230915656,43.94044375078495,
2023-10-13 00:00:00+05:30,3462.622483950379,3508.7253895440526,3457.7179195255203,3502.69287109375,2890357,0.0,0.0,3509.853564453125,3513.097650001054,45.4783260902832,
2023-10-16 00:00:00+05:30,3497.935380829372,3506.4201815721995,3451.9306618821915,3456.7861328125,1671104,0.0,0.0,3509.4072265625,3502.8591923304075,43.06787018624661,
2023-10-17 00:00:00+05:30,3462.6224986124143,3466.69319131001,3436.4812659094987,3440.110595703125,1672065,0.0,0.0,3508.7401611328123,3491.4503565799923,39.95396656853831,
2023-10-18 00:00:00+05:30,3443.9851577061977,3455.4617906261137,3417.500509669152,3420.6884765625,1408245,0.0,0.0,3503.7865478515623,3478.5845602131753,37.483118215232075,
2023-10-19 00:00:00+05:30,3412.083294935222,3419.3117559322054,3394.7744610392374,3398.46240234375,1514545,9.0,0.0,3491.5488037109376,3464.016895146007,40.4490954444768,
2023-10-20 00:00:00+05:30,3393.29924416434,3441.586784443997,3387.054474356502,3436.71875,1481211,0.0,0.0,3479.99287109375,3459.0535960285506,46.93984830506616,
2023-10-23 00:00:00+05:30,3415.5253234291526,3421.37680885982,3345.0119347403615,3353.71533203125,1106272,0.0,0.0,3458.473974609375,3439.901184392678,40.08554771134123,
2023-10-25 00:00:00+05:30,3334.39059881102,3368.319658141201,3321.310652556418,3333.997314453125,1518537,0.0,0.0,3435.9102294921877,3420.6459353127593,35.371389231308896,
2023-10-26 00:00:00+05:30,3312.3120927262453,3317.8684946753306,3274.891735238958,3281.530029296875,1984471,0.0,0.0,3409.9634765625,3395.3521342189624,24.403803499440926,
2023-10-27 00:00:00+05:30,3294.560886747148,3306.3622988787793,3281.776023604547,3295.4951171875,1108851,0.0,0.0,3392.0197021484373,3377.196312940515,21.468451757358025,
2023-10-30 00:00:00+05:30,3294.5608536333416,3326.867315059107,3278.5797748657174,3322.638427734375,910972,0.0,0.0,3374.0142578125,3367.2766974484894,23.261927899013443,
2023-10-31 00:00:00+05:30,3342.7501267538264,3342.7501267538264,3294.6102457640122,3313.000732421875,999811,0.0,0.0,3359.6357177734376,3357.408340170923,23.243345751806757,
2023-11-01 00:00:00+05:30,3299.478133959697,3315.803516743122,3256.2062895798977,3275.531005859375,1563475,0.0,0.0,3343.1777587890624,3342.521552114278,22.330866901757176,
2023-11-02 00:00:00+05:30,3287.8734300446213,3320.0814512239162,3287.8734300446213,3304.493896484375,1245384,0.0,0.0,3331.55830078125,3335.6074329088415,30.746331389537914,
2023-11-03 00:00:00+05:30,3326.031468779594,3331.833733965295,3288.9554120175862,3295.446044921875,1402598,0.0,0.0,3321.2566650390627,3328.3053623657565,25.554871471166038,
2023-11-06 00:00:00+05:30,3319.147184891211,3336.160935518278,3303.4119686072822,3324.310302734375,1099852,0.0,0.0,3310.0158203125,3327.5789878873234,33.71971266674947,
2023-11-07 00:00:00+05:30,3322.0974663252246,3347.8146138447105,3310.2960543666977,3314.67236328125,1191144,0.0,0.0,3306.1115234375,3325.2323288680373,34.31324118214219,
2023-11-08 00:00:00+05:30,3315.6559157781985,3345.6511720910153,3313.787454867703,3325.5888671875,992899,0.0,0.0,3305.2706787109373,3325.29715401703,37.848757698872994,
2023-11-09 00:00:00+05:30,3333.9973074275063,3335.374042777578,3286.7424391935324,3292.052978515625,2112352,0.0,0.0,3306.3229736328126,3319.25275847132,36.78558196702922,
2023-11-10 00:00:00+05:30,3282.759418011572,3292.052981884916,3267.3685059954228,3278.28466796875,1338557,0.0,0.0,3304.6019287109375,3311.8040147435795,29.050769149319436,
2023-11-13 00:00:00+05:30,3300.4615889355064,3300.4615889355064,3271.941509650903,3276.416259765625,1030990,0.0,0.0,3299.9797119140626,3305.36987747486,36.986827233307984,
2023-11-15 00:00:00+05:30,3327.1132884475196,3356.5183783176335,3300.5108899634906,3347.96240234375,2059802,0.0,0.0,3303.47587890625,3313.1139729055667,52.001696513119626,
2023-11-16 00:00:00+05:30,3373.2863261775383,3470.9430635814483,3357.698530975928,3439.96435546875,3951984,0.0,0.0,3319.9192138671874,3336.1776788261454,70.39755536235492,
2023-11-17 00:00:00+05:30,3439.9643063986123,3466.1731804990022,3434.751967881551,3444.488037109375,2021292,0.0,0.0,3333.9186279296873,3355.8704712412778,69.65997132870513,
2023-11-20 00:00:00+05:30,3433.473558230895,3475.4176504495545,3433.473558230895,3461.3544921875,1475621,0.0,0.0,3350.50947265625,3375.0493841405905,68.81417713203014,
2023-11-21 00:00:00+05:30,3461.3544473067745,3480.4825224064143,3443.062161548039,3452.10986328125,1807236,0.0,0.0,3363.2894287109375,3389.060380347983,68.88762777857703,
2023-11-22 00:00:00+05:30,3442.0785402310757,3474.1881197162365,3423.491412153966,3471.7294921875,1798051,0.0,0.0,3378.9951416015624,3404.091127955168,77.99599653581205,
2023-11-23 00:00:00+05:30,3471.5819533087188,3485.350267004561,3442.0784239604864,3450.19189453125,2729804,0.0,0.0,3391.4554443359375,3412.4730855144553,71.24006027719824,
2023-11-24 00:00:00+05:30,3436.4235350503614,3446.553128011694,3395.856182737039,3399.888427734375,1989733,0.0,0.0,3402.2389892578126,3410.184965918077,63.590956052320905,
2023-11-28 00:00:00+05:30,3399.8885685625582,3423.6388143150843,3376.187303280053,3412.722412109375,1689195,0.0,0.0,3415.682763671875,3410.6463197710405,62.00584020591897,
2023-11-29 00:00:00+05:30,3423.3930528226165,3459.780741117485,3418.279155460705,3455.60107421875,1441634,0.0,0.0,3433.6012451171873,3418.8199114888057,67.55266614770846,
2023-11-30 00:00:00+05:30,3441.5377842729085,3458.453094584986,3423.3931601285526,3429.884033203125,3266235,0.0,0.0,3441.793408203125,3420.831569982318,62.52807278601103,
2023-12-01 00:00:00+05:30,3442.0782929698707,3458.7477383971877,3432.293004128493,3453.535400390625,1172141,0.0,0.0,3443.1505126953125,3426.777720965646,69.86931465896365,
2023-12-04 00:00:00+05:30,3485.9895847966163,3489.0875995900815,3440.1116904537744,3454.322509765625,1625213,0.0,0.0,3444.1339599609373,3431.785864383824,72.37502986746603,
2023-12-05 00:00:00+05:30,3479.4495077022925,3479.4495077022925,3444.832081818707,3473.155517578125,1377656,0.0,0.0,3445.3140625,3439.3076195100602,73.97243647561953,
2023-12-06 00:00:00+05:30,3474.1390647331536,3553.0610067128896,3466.81216277439,3544.455810546875,1896572,0.0,0.0,3454.5486572265627,3458.4254724258444,73.95683324750783,
2023-12-07 00:00:00+05:30,3545.340835490588,3570.4680564223854,3532.260889242496,3555.076904296875,1967653,0.0,0.0,3462.8833984375,3475.998460038759,67.50931538165028,
2023-12-08 00:00:00+05:30,3572.877429852905,3584.678841677357,3542.4396698757396,3566.681640625,1641155,0.0,0.0,3474.532373046875,3492.4863110544384,68.1944522197737,
2023-12-11 00:00:00+05:30,3562.9445055359447,3592.546476457375,3555.175338733482,3582.613525390625,1102503,0.0,0.0,3492.8048828125,3508.8730772973813,68.1056864038845,
2023-12-12 00:00:00+05:30,3578.729021215181,3637.1951360074713,3570.9106336699306,3611.33056640625,2236866,0.0,0.0,3512.6656982421873,3527.5017116808117,72.46741685752161,
2023-12-13 00:00:00+05:30,3583.2526237985667,3589.5958341703927,3504.035604698386,3534.080078125,3850968,0.0,0.0,3520.5135986328123,3528.6977783070274,57.56741060316933,
2023-12-14 00:00:00+05:30,3569.927240135447,3617.1328895917836,3567.56705370277,3606.560791015625,3290396,0.0,0.0,3538.1812744140625,3542.8546897085903,66.88974058625071,
2023-12-15 00:00:00+05:30,3606.0199057493946,3831.476058257549,3606.0199057493946,3797.1044921875,8531230,0.0,0.0,3572.53818359375,3589.0819265229375,82.9284029553448,
2023-12-18 00:00:00+05:30,3794.25257642529,3863.9791595431043,3766.764927610666,3795.334228515625,2521612,0.0,0.0,3606.63935546875,3626.5823450670623,82.31041691578804,
2023-12-19 00:00:00+05:30,3781.3690910876385,3791.302042217498,3727.2792861436023,3753.045654296875,2004435,0.0,0.0,3634.628369140625,3649.575674017937,75.14335845743699,
2023-12-20 00:00:00+05:30,3763.912981553741,3834.2789512748154,3704.2175516248103,3717.494140625,2586083,0.0,0.0,3651.9322021484377,3661.9244861283123,73.91442740823895,
2023-12-21 00:00:00+05:30,3694.0877137640523,3743.7027672839245,3681.401292264737,3724.820556640625,1517562,0.0,0.0,3668.9065673828127,3673.360135312369,73.18649454884175,
2023-12-22 00:00:00+05:30,3737.1139717900105,3782.303499297243,3699.7428320721106,3760.716796875,2413058,0.0,0.0,3688.3100830078124,3689.2431646873924,74.70459587518873,
2023-12-26 00:00:00+05:30,3756.635456517975,3770.551192343162,3727.4267692857443,3732.737548828125,1285231,0.0,0.0,3703.3224853515626,3697.151234531162,70.62590350647808,
2023-12-27 00:00:00+05:30,3736.1303637414785,3755.0125749959125,3705.6433826211874,3748.12841796875,1293976,0.0,0.0,3717.0022705078127,3706.4198133379964,67.76154345009246,
2023-12-28 00:00:00+05:30,3760.7166461390393,3774.4849602200925,3729.344655094492,3737.015380859375,1682889,0.0,0.0,3737.29580078125,3711.982643796429,65.85258765488405,
2023-12-29 00:00:00+05:30,3729.2463114710313,3759.3400090752566,3703.08641799283,3730.623046875,1574996,0.0,0.0,3749.7020263671875,3715.371807992533,64.41541390346046,
2024-01-01 00:00:00+05:30,3727.2793609026266,3768.584303688355,3710.5606935845935,3748.0302734375,825907,0.0,0.0,3744.7946044921873,3721.3097108007087,64.50750076761302,
2024-01-02 00:00:00+05:30,3748.0304699363014,3748.0304699363014,3704.9060444649317,3720.592041015625,1344068,0.0,0.0,3737.3203857421877,3721.1792253852386,59.60407275261887,
2024-01-03 00:00:00+05:30,3704.659712971173,3709.4295460986177,3626.0328578715025,3630.655029296875,1803075,0.0,0.0,3725.0813232421874,3704.7202806418995,58.30373145325534,
2024-01-04 00:00:00+05:30,3640.4897283898963,3657.4542580892885,3590.5795902887853,3606.1181640625,3598144,0.0,0.0,3713.9437255859375,3686.7926230820085,49.95852224813533,
2024-01-05 00:00:00+05:30,3614.1825302450525,3685.728592578475,3614.035108630896,3676.04150390625,1963127,0.0,0.0,3709.0658203125,3684.837874140961,35.34173087201026,
2024-01-08 00:00:00+05:30,3676.041515954351,3677.860996403434,3611.625473367433,3617.427978515625,1067805,0.0,0.0,3694.7369384765625,3672.581529481809,31.065521717755956,
2024-01-09 00:00:00+05:30,3648.5544245623223,3690.252895995553,3621.804602192164,3628.836181640625,1370944,0.0,0.0,3684.3468017578125,3664.627829874321,35.850365337035655,
2024-01-10 00:00:00+05:30,3628.9341896353344,3667.534641381456,3626.967287635532,3651.602783203125,1292227,0.0,0.0,3674.69423828125,3662.259639570467,42.26861652606098,
2024-01-11 00:00:00+05:30,3662.3715615634283,3710.560661057684,3645.6528943919516,3673.73046875,1777909,0.0,0.0,3668.3657470703124,3664.345244875836,44.20655895099308,
2024-01-12 00:00:00+05:30,3784.3195573627654,3840.6221287398494,3758.356546252599,3818.543701171875,6813450,0.0,0.0,3677.1578125,3692.3813278387524,55.25845016484065,
2024-01-15 00:00:00+05:30,3894.466438169189,3899.383693772938,3820.7076041129544,3839.196533203125,2801505,0.0,0.0,3686.2744384765624,3719.0750015413655,59.81150823115825,
2024-01-16 00:00:00+05:30,3834.475468935188,3834.475468935188,3791.744570783101,3797.3994140625,1432672,0.0,0.0,3693.95517578125,3733.3158038179354,54.330166680541694,
2024-01-17 00:00:00+05:30,3755.799481275032,3845.244304378807,3749.456270155478,3820.31396484375,3458696,0.0,0.0,3712.9210693359373,3749.133651277174,57.17190104533426,
2024-01-18 00:00:00+05:30,3833.492142470621,3844.113461690969,3798.0879051363618,3838.01611328125,2239110,0.0,0.0,3736.1108642578124,3765.294098914279,59.069769359873646,
2024-01-19 00:00:00+05:30,3888.6821239011256,3906.967356670561,3859.1597310662,3886.760009765625,2941975,9.0,0.0,3757.18271484375,3787.3788099781596,61.127305554086895,
2024-01-23 00:00:00+05:30,3844.3246424565054,3877.7405988557225,3787.8919281537783,3803.170654296875,2618854,0.0,0.0,3775.756982421875,3790.250054399744,56.076189039068176,
2024-01-24 00:00:00+05:30,3824.610185566064,3828.207982906329,3751.2723957956964,3786.95556640625,2657709,0.0,0.0,3791.5689208984377,3789.651056582745,62.90024683895018,
2024-01-25 00:00:00+05:30,3785.082567741791,3805.8814463186973,3724.7562899172253,3755.9052734375,2205154,0.0,0.0,3801.999169921875,3783.5154596472457,62.23115610748413,
2024-01-29 00:00:00+05:30,3746.5406962540924,3765.4665533124507,3726.875546024273,3746.73779296875,1646747,0.0,0.0,3809.29990234375,3776.8286111602465,56.40873442699577,
2024-01-30 00:00:00+05:30,3753.095834814792,3792.869905489426,3732.937821564557,3746.29443359375,1411621,0.0,0.0,3802.0749755859374,3771.2769425117926,63.05924045972825,
2024-01-31 00:00:00+05:30,3756.7921750947016,3779.2667358961994,3742.2527425557164,3761.474365234375,2459358,0.0,0.0,3794.3027587890624,3769.49465573408,63.33949131351583,
2024-02-01 00:00:00+05:30,3765.466762376542,3849.1546577703657,3750.7302324716084,3799.129150390625,2363107,0.0,0.0,3794.475732421875,3774.8827456716335,64.40541555972163,
2024-02-02 00:00:00+05:30,3819.730644439133,3927.5194423063704,3816.7241374704427,3909.677978515625,2826510,0.0,0.0,3803.4121337890624,3799.3909698250864,69.64680750889293,
2024-02-05 00:00:00+05:30,3926.1396018848222,3964.5828467940637,3905.538061772514,3916.578125,1691523,0.0,0.0,3811.2683349609374,3820.6977253114337,60.59694560194654,
2024-02-06 00:00:00+05:30,3939.940129293003,4090.6572824101213,3933.0400590140307,4076.955810546875,4474396,0.0,0.0,3830.2879150390627,3867.29010444515,69.73811471455939,
2024-02-07 00:00:00+05:30,4093.712951745964,4095.6844003141055,4015.7913989590998,4025.1064453125,2124267,0.0,0.0,3852.481494140625,3895.98398460285,68.59327977953313,
2024-02-08 00:00:00+05:30,4031.611985963258,4098.641231695655,4027.7184234966317,4075.08251953125,2345173,0.0,0.0,3881.294189453125,3928.5473545898312,69.92251933580147,
2024-02-09 00:00:00+05:30,4077.497405593247,4125.009506405642,4041.4693772060778,4074.6884765625,2100596,0.0,0.0,3913.172509765625,3955.1184676757707,69.02234700453126,
2024-02-12 00:00:00+05:30,4071.0410662440036,4100.2185996879325,4046.939916317884,4061.8740234375,1013716,0.0,0.0,3944.6861328125,3974.5285687233577,64.9373676285916,
2024-02-13 00:00:00+05:30,4066.556220088296,4110.470042041963,4023.2334476245255,4090.2626953125,1257415,0.0,0.0,3979.082958984375,3995.5711371941106,77.03517497826249,
2024-02-14 00:00:00+05:30,4048.3695163335024,4056.156641687885,3991.690371656323,4041.568115234375,1391283,0.0,0.0,4007.092333984375,4003.934224110522,72.59448083475132,
2024-02-15 00:00:00+05:30,4069.069792846999,4087.108354491598,4024.7122006284635,4044.6240234375,1091582,0.0,0.0,4031.6418212890626,4011.3323694426995,76.96061981119686,
2024-02-16 00:00:00+05:30,4054.530763417474,4088.7355915682374,4041.5685842188673,4069.36572265625,1307556,0.0,0.0,4047.610595703125,4021.8838882087994,79.27554391362602,
2024-02-19 00:00:00+05:30,4064.1900349016837,4069.365087033961,3997.111694549473,4045.21484375,772291,0.0,0.0,4060.474267578125,4026.125880125381,76.00542377028498,
2024-02-20 00:00:00+05:30,4023.825080480352,4039.497999883946,3952.754265381802,3973.109375,1193648,0.0,0.0,4050.0896240234374,4016.4865155571297,66.75248497535412,
2024-02-21 00:00:00+05:30,3955.71162719803,4005.3429421069222,3923.7742560489514,3934.5185546875,1885939,0.0,0.0,4041.0308349609377,4001.5832499444696,60.70122030054614,
2024-02-22 00:00:00+05:30,3914.310980886055,4036.4914530473143,3914.310980886055,4028.753662109375,2982052,0.0,0.0,4036.39794921875,4006.523324883543,59.66092267759845,
2024-02-23 00:00:00+05:30,4071.040993644668,4071.040993644668,3988.6343532981086,3994.253173828125,2538072,0.0,0.0,4028.3544189453123,4004.2923883280123,56.03183998258834,
2024-02-26 00:00:00+05:30,3978.383143926878,3992.1832836729077,3925.893326678586,3943.93212890625,1379284,0.0,0.0,4016.5602294921873,3993.3177957058733,37.54036663722873,
2024-02-27 00:00:00+05:30,3941.911397722361,4065.1269327849504,3941.911397722361,4045.806640625,2960475,0.0,0.0,4012.1146240234375,4002.8612220548052,51.77275129797142,
2024-02-28 00:00:00+05:30,4037.132654737462,4095.585914873983,4030.6267779093628,4060.1494140625,1939225,0.0,0.0,4013.97275390625,4013.277256965295,48.63801342257968,
2024-02-29 00:00:00+05:30,4040.4841212911056,4079.0260397397537,4006.5259654752444,4036.639892578125,3772719,0.0,0.0,4013.1743408203124,4017.5250088949,46.67015077232196,
2024-03-01 00:00:00+05:30,4048.5670441630346,4080.898608732093,4028.4581240166535,4035.900390625,2043265,0.0,0.0,4009.8278076171873,4020.865987391282,47.67781962830446,
2024-03-04 00:00:00+05:30,4046.397971180433,4059.1137175073945,4017.713299775463,4022.44482421875,1749271,0.0,0.0,4007.5508056640624,4021.1530486326396,43.770379892407625,
2024-03-05 00:00:00+05:30,4004.0120079870694,4005.9834565385154,3923.182617377778,3954.824462890625,2070859,0.0,0.0,4005.722314453125,4009.093305770455,42.29963338398974,
2024-03-06 00:00:00+05:30,3937.0319252897025,4013.8690812057853,3901.9400462940425,4006.279052734375,1744204,0.0,0.0,4012.8983642578123,4008.5816234002586,46.86540903297706,
2024-03-07 00:00:00+05:30,4006.9693450392792,4065.127079690526,3980.0590230780563,4049.947021484375,2688905,0.0,0.0,4015.0177001953125,4016.102604870098,48.46022295880183,
2024-03-11 00:00:00+05:30,4030.6264880386584,4093.712840504903,4030.6264880386584,4063.50048828125,2304068,0.0,0.0,4021.942431640625,4024.7204018539437,51.4747172759571,
2024-03-12 00:00:00+05:30,4063.5007974665123,4169.564831882763,4062.2190670481136,4132.40283203125,4039801,0.0,0.0,4040.789501953125,4044.299025522545,62.913562302229124,
2024-03-13 00:00:00+05:30,4144.970826401599,4180.456902442136,4072.914281290478,4089.770263671875,2837260,0.0,0.0,4045.1858642578127,4052.5665233678774,62.50396702580622,
2024-03-14 00:00:00+05:30,4094.1568164313294,4164.685198090091,4027.6695193836954,4147.53369140625,2919608,0.0,0.0,4053.9242919921876,4069.833281193036,60.16363833112801,
2024-03-15 00:00:00+05:30,4132.7476345400055,4178.48514400608,4117.370239800282,4159.01708984375,3373143,0.0,0.0,4066.16201171875,4086.0485191295293,64.6764420741215,
2024-03-18 00:00:00+05:30,4155.0744155617385,4194.010525973858,4059.06496361779,4093.22021484375,1526904,0.0,0.0,4071.893994140625,4087.352463804842,62.94113165379927,
2024-03-19 00:00:00+05:30,3993.4152541759045,4000.0688926740686,3909.973795049948,3920.52099609375,8931209,0.0,0.0,4061.701611328125,4057.0194696755525,40.32724912144724,
2024-03-20 00:00:00+05:30,3929.096689994335,3960.639864625499,3903.6649573168947,3914.212158203125,1817913,0.0,0.0,4057.640380859375,4031.0545039532926,38.591301234353956,
2024-03-21 00:00:00+05:30,3933.089135420767,3951.1770312154736,3891.6393821179518,3916.233154296875,3829582,0.0,0.0,4048.635791015625,4010.177894924853,40.25991672110893,
2024-03-22 00:00:00+05:30,3841.367376933683,3881.782070917332,3799.96695870653,3855.06884765625,5852485,0.0,0.0,4029.1479736328124,3981.976249966925,36.67463768793848,
2024-03-26 00:00:00+05:30,3819.681441345805,3890.3578214326726,3816.182072152344,3822.145751953125,3440925,0.0,0.0,4005.0125,3952.916159418961,35.65175326944326,
2024-03-27 00:00:00+05:30,3832.9886850488606,3839.3958925717657,3774.7322865400038,3786.068115234375,1968575,0.0,0.0,3970.3790283203125,3922.5801513853994,37.33913503462191,
2024-03-28 00:00:00+05:30,3795.137206354676,3859.1106168702854,3785.6741568557677,3820.963134765625,4311783,0.0,0.0,3943.4983154296874,3904.104330181804,35.74249815736307,
2024-04-01 00:00:00+05:30,3842.0573541590775,3877.149233657871,3832.54521142588,3860.83544921875,1569676,0.0,0.0,3914.8284912109375,3896.237260915794,35.364999760051305,
2024-04-02 00:00:00+05:30,3834.4673993567408,3854.0341223225346,3817.710086814565,3828.35595703125,2142666,0.0,0.0,3881.7623779296873,3883.8952056640583,32.32047930923082,
2024-04-03 00:00:00+05:30,3796.0239292816655,3924.1680764659336,3796.0239292816655,3890.94921875,3973090,0.0,0.0,3861.5352783203125,3885.1777534978655,31.67224965327169,
2024-04-04 00:00:00+05:30,3919.141156215294,3971.138113147859,3879.0715595995416,3946.150146484375,3394637,0.0,0.0,3864.098193359375,3896.263643131776,39.30249880162556,
2024-04-05 00:00:00+05:30,3921.2112040192874,3944.8685868489665,3903.9610290393134,3922.443359375,1636819,0.0,0.0,3864.9213134765623,3901.0235915396347,32.33815901691224,
2024-04-08 00:00:00+05:30,3926.1398821195135,3975.0809972927836,3903.4682232471187,3915.839111328125,2302538,0.0,0.0,3864.8819091796877,3903.717322410269,30.771672039093815,
2024-04-09 00:00:00+05:30,3927.1255312303338,3958.520945808155,3869.017133059688,3890.210205078125,1876992,0.0,0.0,3868.396044921875,3901.2614828953333,32.85895275667488,
2024-04-10 00:00:00+05:30,3899.9191602646565,3933.2366866260836,3862.067446939629,3927.765869140625,2101965,0.0,0.0,3878.958056640625,3906.080462212659,50.79260107232848,
2024-04-12 00:00:00+05:30,3914.310935003582,3956.0564525946997,3889.17496702509,3944.27685546875,4354821,0.0,0.0,3894.7789306640625,3913.0252609864933,53.21730870017541,
2024-04-15 00:00:00+05:30,3944.2765818221774,4006.1801075819935,3863.1023411400815,3884.93603515625,4200329,0.0,0.0,3901.176220703125,3907.918129017358,47.016784644305446,
2024-04-16 00:00:00+05:30,3846.2960395421064,3872.61482899581,3807.7050312557853,3817.512939453125,3051420,0.0,0.0,3896.8439697265626,3891.480821823861,46.46241135273688,
2024-04-18 00:00:00+05:30,3821.455955044585,3879.810784567582,3795.0384960836354,3806.8671875,3476284,0.0,0.0,3894.6950927734374,3876.096524674068,48.49778608220325,
2024-04-19 00:00:00+05:30,3783.209474534867,3797.5518097567287,3746.6390105017,3771.577880859375,2957749,0.0,0.0,3882.757958984375,3857.0931348895783,48.57308400609695,
2024-04-22 00:00:00+05:30,3782.224089198063,3822.6387849648395,3757.5809820231993,3809.43017578125,1728883,0.0,0.0,3869.0859619140624,3848.427142324427,48.870876064790714,
2024-04-23 00:00:00+05:30,3821.7022904606933,3839.395992797073,3805.4871745143505,3819.3857421875,1807586,0.0,0.0,3858.7802001953123,3843.1468877540765,45.68939076953077,
2024-04-24 00:00:00+05:30,3834.4672823654323,3842.3530762623277,3769.8530104916786,3776.35888671875,1317312,0.0,0.0,3844.832177734375,3831.0036148385625,44.70858720421206,
2024-04-25 00:00:00+05:30,3756.7923356852257,3818.350768969283,3756.5952389598806,3797.20703125,2856271,0.0,0.0,3835.5318603515625,3824.8587814588236,39.574687839054526,
2024-04-26 00:00:00+05:30,3800.114649560354,3821.455723423755,3748.2656997210925,3766.79736328125,2039178,0.0,0.0,3819.435009765625,3814.3021599719923,28.88964368987334,
2024-04-29 00:00:00+05:30,3783.209920504476,3822.4417963677183,3764.678255253686,3814.9501953125,1110693,0.0,0.0,3806.50234375,3814.4199845793573,38.036219691930455,
2024-04-30 00:00:00+05:30,3816.724460556973,3826.3352724088404,3755.6095544220216,3766.107421875,2203078,0.0,0.0,3794.619482421875,3805.6358822694738,34.767347883601175,
2024-05-02 00:00:00+05:30,3724.115686272238,3815.8373792012935,3724.115686272238,3808.148681640625,2491044,0.0,0.0,3793.683056640625,3806.09275488241,41.92140892489586,
2024-05-03 00:00:00+05:30,3834.615326312554,3838.016267704584,3743.386733993244,3788.53271484375,2962234,0.0,0.0,3791.849609375,3802.9000203299265,35.79123973457003,
2024-05-06 00:00:00+05:30,3797.9956336682126,3883.7043112956317,3797.9956336682126,3865.07421875,2053831,0.0,0.0,3801.1992431640624,3814.2044200426667,42.79957491803322,
2024-05-07 00:00:00+05:30,3874.684934507303,3931.068313541373,3857.6318568315355,3922.1474609375,2062112,0.0,0.0,3812.4709716796874,3833.8304274780908,53.39694952515184,
2024-05-08 00:00:00+05:30,3904.45377166407,3927.421194922573,3882.3736446277253,3920.176025390625,1247685,0.0,0.0,3822.55,3849.5296270985514,60.643810457211934,
2024-05-09 00:00:00+05:30,3905.4396350553193,3914.311153660947,3854.2313063461247,3903.665283203125,1726486,0.0,0.0,3835.2806396484375,3859.3724736630193,59.91516399776532,
2024-05-10 00:00:00+05:30,3906.030971277353,3916.87393792177,3829.5880083031457,3838.3115234375,1672489,0.0,0.0,3839.3910888671876,3855.543209985652,56.439034341547895,
2024-05-13 00:00:00+05:30,3829.045747177105,3898.539304951847,3814.7527459326543,3891.442138671875,931326,0.0,0.0,3851.85556640625,3862.070287928602,57.68658891928145,
2024-05-14 00:00:00+05:30,3879.810329291337,3889.470474278867,3837.3255213441357,3845.507080078125,1058317,0.0,0.0,3854.9112548828125,3859.0587955921515,52.2935429754472,
2024-05-15 00:00:00+05:30,3848.760200251439,3870.889660763131,3820.174197995762,3825.004150390625,1115021,0.0,0.0,3860.800927734375,3852.8670419191467,54.447120266937475,
2024-05-16 00:00:00+05:30,3863.429176479737,3881.698230930955,3816.1675791234497,3873.208984375,2599399,28.0,0.0,3867.3069580078127,3856.5655769111195,56.61707502259512,
2024-05-17 00:00:00+05:30,3891.1306221399072,3892.1235107906195,3802.763532226549,3806.83447265625,2765804,0.0,0.0,3869.1371337890623,3847.5235579556884,53.28037798198904,
2024-05-21 00:00:00+05:30,3803.359635417006,3817.408913871376,3782.9557236992146,3793.033447265625,1908117,0.0,0.0,3861.933056640625,3837.6162651029495,48.09717302878266,
2024-05-22 00:00:00+05:30,3807.728177829177,3813.9337322259003,3790.4023184344205,3804.74951171875,1311168,0.0,0.0,3850.19326171875,3831.6404917603677,53.58612008080427,
2024-05-23 00:00:00+05:30,3813.6355536995293,3877.2301192451187,3798.2954727713704,3865.76220703125,2095742,0.0,0.0,3844.7518798828123,3837.844439991437,55.16486825903549,
2024-05-24 00:00:00+05:30,3850.6703037827306,3856.1808841236075,3816.9617834984756,3822.124755859375,1309452,0.0,0.0,3836.5978271484373,3834.986315603789,52.88707560871924,
2024-05-27 00:00:00+05:30,3827.585799209355,3880.556506388472,3814.0329659093472,3819.6923828125,1841538,0.0,0.0,3834.7359130859377,3832.2056005508275,45.53026360970336,
2024-05-28 00:00:00+05:30,3830.564399045538,3842.479062806177,3802.7635169373793,3812.593017578125,1801993,0.0,0.0,3826.8510009765623,3828.639676373972,38.03162051540832,
2024-05-29 00:00:00+05:30,3821.529288695876,3821.529288695876,3772.977127360837,3776.60107421875,1568095,0.0,0.0,3819.960400390625,3819.17811234575,35.40024736633305,
2024-05-30 00:00:00+05:30,3750.1405441889883,3767.416710258415,3689.0281974568825,3709.531494140625,2919230,0.0,0.0,3808.413134765625,3799.2423635811815,32.09963864849314,
2024-05-31 00:00:00+05:30,3713.403739811845,3723.1340975574863,3627.7670893950612,3644.8447265625,10956800,0.0,0.0,3785.576708984375,3771.170065941421,32.13917040138408,
2024-06-03 00:00:00+05:30,3706.2547887523533,3724.871450877324,3669.716438074187,3676.517822265625,2156773,0.0,0.0,3772.5450439453125,3753.960567091276,29.33967117331086,
2024-06-04 00:00:00+05:30,3673.6882123780283,3718.3682041501934,3565.959787771808,3688.58154296875,3395997,0.0,0.0,3762.099853515625,3742.0734717962714,33.864240789618364,
2024-06-05 00:00:00+05:30,3689.574448571398,3756.89235163064,3673.6882292018763,3719.807861328125,2799670,0.0,0.0,3753.6056884765626,3738.025178983881,39.416653976332114,
2024-06-06 00:00:00+05:30,3754.112041453937,3812.593086846461,3714.892939195955,3803.16064453125,4328036,0.0,0.0,3747.3455322265627,3749.867990901584,43.418212949318146,
2024-06-07 00:00:00+05:30,3810.0119834431034,3887.15938951269,3810.0119834431034,3866.259033203125,4552445,0.0,0.0,3751.7589599609373,3771.029998592773,55.61815829162083,
2024-06-10 00:00:00+05:30,3867.3014292416406,3878.1238189496194,3814.57894309045,3831.259521484375,1734661,0.0,0.0,3752.915673828125,3781.9808209367006,53.474718225903956,
2024-06-11 00:00:00+05:30,3817.656936449413,3852.3583469877426,3813.6853817691017,3824.70654296875,1419898,0.0,0.0,3754.1270263671877,3789.749134033437,51.83126648260808,
2024-06-12 00:00:00+05:30,3846.847600139575,3865.8118698802723,3800.2315275749074,3804.401611328125,2177001,0.0,0.0,3756.907080078125,3792.413220814289,43.91492374194917,
2024-06-13 00:00:00+05:30,3829.373017555551,3862.336872459144,3824.6071035250957,3850.571044921875,1932323,0.0,0.0,3771.01103515625,3802.987370652032,52.80689751533344,
2024-06-14 00:00:00+05:30,3861.3440334804677,3861.3440334804677,3800.7778246755543,3804.799072265625,1860730,0.0,0.0,3787.0064697265625,3803.3167709454124,48.646212310517875,
2024-06-18 00:00:00+05:30,3798.8415643624126,3814.6780894177573,3768.0620170506086,3787.969482421875,1774045,0.0,0.0,3798.1516357421874,3800.5263548502235,47.80064930760294,
2024-06-19 00:00:00+05:30,3800.4302073364515,3806.58631099227,3765.97701909007,3774.664794921875,1509050,0.0,0.0,3806.7599609375,3795.824253045069,49.819748115548485,
2024-06-20 00:00:00+05:30,3769.0056475468677,3782.856396954086,3753.169120664651,3760.31787109375,2846526,0.0,0.0,3810.8109619140623,3789.368547235738,55.24239865929109,
2024-06-21 00:00:00+05:30,3799.7850762312005,3850.223870955247,3771.0409966857305,3783.650634765625,4642195,0.0,0.0,3808.8599609375,3788.328926786626,65.66562274920797,
2024-06-24 00:00:00+05:30,3781.664912167136,3829.571792905453,3764.3390524846395,3789.65771484375,1702154,0.0,0.0,3801.1998291015625,3788.5705246151942,63.55419766237246,
2024-06-25 00:00:00+05:30,3789.856150417264,3820.2880919700933,3765.927435895861,3811.153564453125,1338808,0.0,0.0,3799.1892333984374,3792.676531858454,64.3596498002168,
2024-06-26 00:00:00+05:30,3817.160548108147,3839.4508505974786,3813.685437711898,3828.429931640625,1639845,0.0,0.0,3799.561572265625,3799.1771500006666,63.155364321593176,
2024-06-27 00:00:00+05:30,3803.756482542997,3913.96712455873,3790.9483157029526,3906.1728515625,4526556,0.0,0.0,3809.7386962890623,3818.630913921,62.647809269388766,
2024-06-28 00:00:00+05:30,3889.939306349404,3931.8391600284103,3870.131225728638,3876.38623046875,2731571,0.0,0.0,3812.32021484375,3829.131880566045,51.354187138405166,
2024-07-01 00:00:00+05:30,3856.3796035117416,3973.2425517696065,3856.3796035117416,3949.90966796875,2658723,0.0,0.0,3826.8312744140626,3851.0914782756277,64.38373435887905,
2024-07-02 00:00:00+05:30,3965.200254333859,3994.7881425140804,3954.228786146697,3988.830810546875,2307449,0.0,0.0,3846.9174072265623,3876.1349932340363,68.44865164216279,
2024-07-03 00:00:00+05:30,3991.412411930206,3997.4691297160625,3926.8746490507374,3937.0517578125,1821198,0.0,0.0,3863.156103515625,3887.2107686119384,63.925418081630035,
2024-07-04 00:00:00+05:30,3971.4059070618528,4018.5681196397627,3953.7821328880023,3992.355712890625,2518001,0.0,0.0,3886.3598876953124,3906.328031208063,64.6042579301812,
2024-07-05 00:00:00+05:30,3981.4837479255075,3998.114633904997,3959.640196191253,3983.27099609375,1668616,0.0,0.0,3906.321923828125,3920.317661187278,69.88611107937405,
2024-07-08 00:00:00+05:30,3993.3982206200517,4002.5824407942773,3949.7608121650283,3964.802978515625,1758882,0.0,0.0,3923.8364501953124,3928.405900701523,69.63187024659435,
2024-07-09 00:00:00+05:30,3956.6615146287127,3978.455373361395,3946.832013348387,3957.157958984375,1305801,0.0,0.0,3938.4368896484375,3933.6335476620416,70.51804289538349,
2024-07-10 00:00:00+05:30,3955.370732391905,3974.8314482017768,3874.251772715231,3881.350830078125,2669716,0.0,0.0,3943.7289794921876,3924.12759901042,61.955665611499406,
2024-07-11 00:00:00+05:30,3903.0454993085577,3951.6970458529786,3867.8973361137632,3895.79736328125,4872189,0.0,0.0,3942.6914306640624,3918.9766470596614,61.2758365567917,
2024-07-12 00:00:00+05:30,3951.6969375858503,4170.082996188316,3943.0588545700098,4154.19677734375,13509164,0.0,0.0,3970.4724853515627,3961.74394347495,74.31297200303516,
2024-07-15 00:00:00+05:30,4205.579352365772,4209.848580351494,4127.4882591306905,4139.55224609375,4848030,0.0,0.0,3989.4367431640626,3994.072725769277,72.10459908493549,
2024-07-16 00:00:00+05:30,4142.332001552796,4164.721449679784,4115.424618578997,4148.736328125,2029521,0.0,0.0,4005.427294921875,4022.193380743044,71.79736306692084,
2024-07-18 00:00:00+05:30,4130.417189111958,4294.2438324301,4130.417189111958,4284.86083984375,5613364,0.0,0.0,4040.208203125,4069.9511005795357,73.87336499403438,
2024-07-19 00:00:00+05:30,4296.653506457877,4337.804904546029,4264.658093996186,4281.7255859375,3903354,10.0,0.0,4069.1451904296873,4108.455552462801,76.44206879680759,
2024-07-22 00:00:00+05:30,4279.287597142805,4299.191490921889,4244.505348389891,4266.748046875,1896386,0.0,0.0,4097.492895507812,4137.236005992291,72.37809193128535,
2024-07-23 00:00:00+05:30,4262.4191537532915,4340.741175678139,4245.799206900286,4281.67626953125,2365208,0.0,0.0,4129.180224609375,4163.497872090284,71.40908605756685,
2024-07-24 00:00:00+05:30,4266.897228490113,4318.249371622304,4247.590548713197,4285.55712890625,1809793,0.0,0.0,4162.0201416015625,4185.690464238641,77.39693794435544,
2024-07-25 00:00:00+05:30,4274.361150208755,4322.130494844382,4253.66129524061,4301.72900390625,2810342,0.0,0.0,4204.057958984375,4206.788380541842,75.91510139707546,
2024-07-26 00:00:00+05:30,4329.09692035124,4401.198970329675,4316.208954685657,4366.76513671875,3552210,0.0,0.0,4251.154736328125,4235.875063483098,79.37080929070667,
2024-07-29 00:00:00+05:30,4393.784856672499,4409.70797280087,4349.996287319477,4360.0478515625,1746803,0.0,0.0,4271.73984375,4258.451934042989,80.82560181329421,
2024-07-30 00:00:00+05:30,4369.999800181439,4376.8665468264435,4306.506083043501,4344.37353515625,1797906,0.0,0.0,4292.22197265625,4274.074043336309,79.82584049281883,
2024-07-31 00:00:00+05:30,4329.097112556377,4392.7895758215745,4324.121138863784,4364.27734375,2330091,0.0,0.0,4313.77607421875,4290.474643411525,90.70352989303441,
2024-08-01 00:00:00+05:30,4378.259456556102,4398.063733856433,4344.074421497802,4375.970703125,2202244,0.0,0.0,4322.887060546875,4306.019381541248,90.66018349685972,
2024-08-02 00:00:00+05:30,4344.02465785939,4376.866081389599,4249.4811658784865,4262.46826171875,2811282,0.0,0.0,4320.961328125,4298.100996118976,62.149657657341734,
2024-08-05 00:00:00+05:30,4218.630284567606,4218.630284567606,4090.7477670948683,4135.08349609375,2787771,0.0,0.0,4307.794873046875,4268.461450659844,49.59979989994998,
2024-08-06 00:00:00+05:30,4150.907939581601,4237.788251125124,4140.806323627874,4151.15673828125,2203067,0.0,0.0,4294.742919921875,4247.133321136463,50.21411842558812,
2024-08-07 00:00:00+05:30,4207.683043646967,4224.5517875927835,4160.212063752206,4180.265625,1237666,0.0,0.0,4284.21376953125,4234.97555820256,38.585993356558035,
2024-08-08 00:00:00+05:30,4160.909101430457,4211.66403187125,4140.010012425425,4152.49951171875,2441283,0.0,0.0,4269.2908203125,4219.979913387321,36.61754042473147,
2024-08-09 00:00:00+05:30,4196.7361494974875,4233.209938931106,4185.340975538091,4208.4296875,1302536,0.0,0.0,4253.457275390625,4217.879872316899,44.4328432231673,
2024-08-12 00:00:00+05:30,4209.67380649438,4218.6305592741555,4166.233652699458,4175.48876953125,936912,0.0,0.0,4235.0013671875,4210.172399083145,40.20020296077593,
2024-08-13 00:00:00+05:30,4192.755395880146,4213.654485202122,4162.8995539916095,4176.78271484375,1495593,0.0,0.0,4218.24228515625,4204.101547403255,39.91330066034216,
2024-08-14 00:00:00+05:30,4188.774802334337,4285.507928708055,4168.02489411654,4274.6103515625,3226545,0.0,0.0,4209.2755859375,4216.921329977663,47.81601674233803,
2024-08-16 00:00:00+05:30,4329.097170853388,4405.727166751252,4304.316918717559,4394.82958984375,3457058,0.0,0.0,4211.161474609375,4249.268286316951,52.075662214107105,
2024-08-19 00:00:00+05:30,4399.755880363481,4472.653893988595,4369.253259221324,4468.42431640625,2055210,0.0,0.0,4231.757080078125,4289.114837242278,57.29401565705129,
2024-08-20 00:00:00+05:30,4483.352582623953,4543.0642707388115,4478.376608614381,4501.564453125,2212298,0.0,0.0,4268.40517578125,4327.742040130045,60.336347821843155,
2024-08-21 00:00:00+05:30,4496.28988211304,4538.088061628035,4470.961981342479,4529.62890625,1896990,0.0,0.0,4306.252392578125,4364.448743060946,60.75751126133281,
2024-08-22 00:00:00+05:30,4538.087993877721,4539.033623250417,4475.589958862324,4480.36669921875,1829872,0.0,0.0,4336.2625,4385.524735089637,56.475303635386766,
2024-08-23 00:00:00+05:30,4478.376334367272,4484.347502813095,4433.592571023599,4442.44970703125,1809253,0.0,0.0,4365.25751953125,4395.8747299881115,62.318663308629304,
2024-08-26 00:00:00+05:30,4467.42937721193,4530.27583051969,4463.448598083205,4480.81494140625,1844164,0.0,0.0,4392.496044921875,4411.318404791409,76.946947785051,
2024-08-27 00:00:00+05:30,4483.352415152695,4488.328388976394,4465.239676060454,4475.5400390625,930697,0.0,0.0,4422.501171875,4422.995065567971,75.71590596778627,
2024-08-28 00:00:00+05:30,4477.132733066114,4540.576403359632,4435.881713065986,4484.3974609375,1848058,0.0,0.0,4453.262646484375,4434.15913745334,74.91029507042816,
2024-08-29 00:00:00+05:30,4438.568733505437,4534.107432701966,4438.568733505437,4490.11962890625,2133641,0.0,0.0,4474.81357421875,4444.333772262959,78.68918165342257,
2024-08-30 00:00:00+05:30,4478.375962891161,4570.18267013043,4466.234393684477,4531.86767578125,3637222,0.0,0.0,4488.5173828125,4460.249027448102,78.16285281105152,
2024-09-02 00:00:00+05:30,4554.010848990886,4565.953185133345,4490.31838956444,4499.32470703125,1216500,0.0,0.0,4491.607421875,4467.35369646322,78.21705848516513,
2024-09-03 00:00:00+05:30,4499.324894690949,4534.007527871544,4474.295844668771,4490.6669921875,1717263,0.0,0.0,4490.51767578125,4471.592477503998,77.00340674712359,
2024-09-04 00:00:00+05:30,4455.437320672715,4465.438833514435,4415.380732072546,4457.72607421875,1265505,0.0,0.0,4483.327392578125,4469.071313270317,67.73321656861141,
2024-09-05 00:00:00+05:30,4459.467433372758,4477.380937903155,4432.746358594601,4454.44189453125,1688793,0.0,0.0,4480.734912109375,4466.411418954122,57.4632540829476,
2024-09-06 00:00:00+05:30,4452.452017774543,4497.23578425674,4418.664959576766,4435.33447265625,1649179,0.0,0.0,4480.023388671875,4460.761065081781,45.202768134737035,
2024-09-09 00:00:00+05:30,4433.592951490221,4468.673569119857,4409.210678244091,4428.1689453125,1184938,0.0,0.0,4474.7587890625,4454.83522512373,38.492760990188756,
2024-09-10 00:00:00+05:30,4421.1033222779215,4518.134815028686,4419.112932683034,4486.18896484375,1385591,0.0,0.0,4475.823681640625,4460.535905072825,43.774117291389366,
2024-09-11 00:00:00+05:30,4499.723479595906,4527.4893158279965,4449.764508962515,4457.82568359375,1325919,0.0,0.0,4473.16650390625,4460.043137531175,46.56352169796152,
2024-09-12 00:00:00+05:30,4488.577303655868,4510.820004409558,4410.0064805753545,4495.99169921875,2742216,0.0,0.0,4473.7537109375,4466.579239656188,58.15652215309453,
2024-09-13 00:00:00+05:30,4508.232019420694,4525.15032942735,4483.352151763846,4500.86767578125,1458786,0.0,0.0,4470.6537109375,4472.813500769836,53.40192180251822,
2024-09-16 00:00:00+05:30,4505.246427186617,4524.20469193302,4472.853033929719,4491.5625,1155120,0.0,0.0,4469.877490234375,4476.2224097207745,52.681522062452814,
2024-09-17 00:00:00+05:30,4491.562600547858,4514.004047262318,4444.539649708466,4483.9990234375,1699364,0.0,0.0,4469.210693359375,4477.636339487452,49.9330273602931,
2024-09-18 00:00:00+05:30,4475.440417652989,4475.440417652989,4300.2365738803255,4325.265625,2961779,0.0,0.0,4455.9646484375,4449.9325732170055,31.702167096082576,
2024-09-19 00:00:00+05:30,4368.954050944716,4400.9499474857,4261.224230770516,4275.50537109375,2927551,0.0,0.0,4438.07099609375,4418.218536467322,22.042535517263417,
2024-09-20 00:00:00+05:30,4296.155799946793,4309.889778037523,4207.185493092967,4264.3095703125,5447908,0.0,0.0,4420.968505859375,4390.235088075536,23.118956371382197,
2024-09-23 00:00:00+05:30,4279.337404002431,4288.692137419543,4232.563250981939,4247.98876953125,1702319,0.0,0.0,4402.95048828125,4364.372121067484,22.720661284037078,
2024-09-24 00:00:00+05:30,4231.219423792548,4270.3804321906,4219.625502793788,4250.77490234375,3012026,0.0,0.0,4379.40908203125,4343.718081299532,25.04492474075539,
2024-09-25 00:00:00+05:30,4231.916717973479,4268.987724387413,4219.625964968712,4254.208984375,2713073,0.0,0.0,4359.047412109375,4327.443700040526,25.863767723556663,
2024-09-26 00:00:00+05:30,4239.529220661037,4296.056082562562,4239.529220661037,4271.873046875,3964251,0.0,0.0,4336.635546875,4317.339944919521,30.227429245088004,
2024-09-27 00:00:00+05:30,4314.169031748763,4356.962403920665,4279.386782551355,4287.99560546875,3012477,0.0,0.0,4315.34833984375,4312.004610473926,33.404016450589836,
2024-09-30 00:00:00+05:30,4266.300255654413,4278.093410571035,4239.579179561039,4247.98876953125,2503416,0.0,0.0,4290.990966796875,4300.365366666167,20.54149627657904,
2024-10-01 00:00:00+05:30,4235.100763268349,4275.107786018728,4222.561698346075,4267.29541015625,1823365,0.0,0.0,4269.32060546875,4294.352647300727,25.896962643955064,
2024-10-03 00:00:00+05:30,4242.117305474487,4258.438402445034,4189.769963611497,4212.41064453125,3350119,0.0,0.0,4258.035107421875,4279.45410134264,15.58147859294958,4212.0864
2024-10-04 00:00:00+05:30,4204.697837472992,4277.34705454649,4203.752208082306,4231.81689453125,2965463,0.0,0.0,4253.666259765625,4270.792791013296,18.45756836094027,4213.208
2024-10-07 00:00:00+05:30,4253.362631179358,4276.60052515788,4209.076465987775,4252.31787109375,1472619,0.0,0.0,4252.46708984375,4267.433714664287,22.669378311231497,4236.878
2024-10-08 00:00:00+05:30,4252.069127051097,4258.836256883247,4183.749105598339,4232.81201171875,1541867,0.0,0.0,4250.9494140625,4261.1388595832805,22.067266916366492,4206.0513
2024-10-09 00:00:00+05:30,4239.529600431319,4274.361416397303,4226.2937047382175,4232.513671875,1082504,0.0,0.0,4249.123291015625,4255.934279999957,34.0738206866947,4170.143
2024-10-10 00:00:00+05:30,4232.811817436818,4273.216819058745,4178.424524787105,4207.0859375,2378875,0.0,0.0,4244.410986328125,4247.052763181782,37.18069057381924,4235.4224
2024-10-11 00:00:00+05:30,4123.091805273089,4221.566519109232,4092.6888003588424,4129.26220703125,5759183,0.0,0.0,4230.14990234375,4225.63629842714,29.75233716699489,4018.945
2024-10-14 00:00:00+05:30,4120.105972018656,4145.383819684157,4102.391701102295,4116.77197265625,2137590,0.0,0.0,4213.0275390625,4205.842784650615,30.0980537370027,4041.8977
2024-10-15 00:00:00+05:30,4111.199103401455,4149.9125681672385,4075.32252681289,4097.017578125,2759474,0.0,0.0,4197.930419921875,4186.056383464139,27.820890812814923,4019.7224
2024-10-16 00:00:00+05:30,4065.3705658795743,4095.226408468653,4047.656050683227,4075.272705078125,2359151,0.0,0.0,4178.7281494140625,4165.9138964848635,25.483966569060527,4030.2598
2024-10-17 00:00:00+05:30,4093.036916902333,4110.104896211079,4073.2824462028457,4089.25537109375,2522659,0.0,0.0,4166.412622070313,4151.975982777389,24.724607083578874,4029.9883
2024-10-18 00:00:00+05:30,4080.2763273735236,4136.292737475611,4070.300101634224,4113.24755859375,2361000,10.0,0.0,4154.555688476563,4144.934451107636,26.32945266274146,4030.2598
2024-10-21 00:00:00+05:30,4122.775226563061,4130.107850048016,4060.323954797378,4070.150634765625,1595450,0.0,0.0,4136.33896484375,4131.337393590907,26.110868788104383,3997.1458
2024-10-22 00:00:00+05:30,4056.333555373319,4080.0770223386526,3996.82546377182,4005.95361328125,1928049,0.0,0.0,4113.653125,4108.540342625514,18.67201337340046,3963.8743
2024-10-23 00:00:00+05:30,3990.091557134352,4103.770363230431,3985.651941595186,4056.5830078125,1966476,0.0,0.0,4096.06005859375,4099.093554477693,31.12784115772817,3943.359
2024-10-24 00:00:00+05:30,3994.4808330998217,4069.302527026517,3994.4808330998217,4038.2763671875,2676744,0.0,0.0,4079.1791015625,4088.035884061294,26.4978666280865,3924.6724
2024-10-25 00:00:00+05:30,4047.404753161121,4082.271613760155,4023.1125458164493,4047.903564453125,1759676,0.0,0.0,4071.0432373046874,4080.73909867799,24.504123951807344,3930.7117
2024-10-28 00:00:00+05:30,4059.2764306368204,4124.171829496109,4041.369153674102,4081.12451171875,1532534,0.0,0.0,4067.4784912109376,4080.8091737763098,31.706425151781033,3950.5574
2024-10-29 00:00:00+05:30,4086.112646536771,4093.744362045465,4050.4476383868687,4065.5615234375,1445885,0.0,0.0,4064.3328857421875,4078.036873714708,30.580498371664802,3982.1094
2024-10-30 00:00:00+05:30,4065.3122479562453,4097.236172357374,4050.3978382371356,4074.939208984375,1935002,0.0,0.0,4064.2995361328126,4077.473661945556,34.032802089497466,3999.502
2024-10-31 00:00:00+05:30,4060.3240051797716,4068.604321519084,3950.5855185532914,3959.015380859375,3740372,0.0,0.0,4051.275537109375,4055.9357926571593,31.163510103397556,3925.9438
2024-11-01 00:00:00+05:30,3980.364741330315,3989.4429611125925,3966.5975003464064,3974.72802734375,154895,0.0,0.0,4037.423583984375,4041.170744418357,34.39521298566149,3936.5278
2024-11-04 00:00:00+05:30,3956.87062069268,3982.409613462514,3903.94669233372,3954.7255859375,2269192,0.0,0.0,4025.8810791015626,4025.4534428763827,34.376477702970035,3996.1382
2024-11-05 00:00:00+05:30,3931.730607135672,3976.5237653727104,3931.730607135672,3961.90869140625,967590,0.0,0.0,4021.4765869140624,4013.899851699995,37.14156274351579,3970.6262
2024-11-06 00:00:00+05:30,3994.0817519363486,4139.933876960973,3965.799055125364,4129.80810546875,3792017,0.0,0.0,4028.7990966796874,4034.97407965795,53.40932601649244,4084.0054
2024-11-07 00:00:00+05:30,4159.787336273054,4195.801124048814,4075.3384332667383,4141.03173828125,3724349,0.0,0.0,4039.0746337890623,4054.2572903167315,52.387105218557174,4169.502
2024-11-08 00:00:00+05:30,4145.1220944498655,4159.837028479501,4107.860791194804,4137.14111328125,1648039,0.0,0.0,4047.998388671875,4069.32707631028,56.171307635388764,4153.0454
2024-11-11 00:00:00+05:30,4118.385867474251,4224.233237059355,4107.860656630662,4188.71826171875,1406487,0.0,0.0,4058.757763671875,4091.0345645663656,67.23746962850527,4195.9497
2024-11-12 00:00:00+05:30,4205.976775754615,4207.9720209044035,4154.4496671854,4187.4208984375,1587640,0.0,0.0,4070.943701171875,4108.559352542935,63.60610953701165,4176.307
2024-11-13 00:00:00+05:30,4168.166936335564,4186.772499749115,4121.228502379121,4140.48291015625,1098813,0.0,0.0,4077.4980712890624,4114.363635745356,60.03132287384492,4098.269
2024-11-14 00:00:00+05:30,4125.169468070334,4150.110033173541,4106.66376361192,4136.04345703125,1825432,0.0,0.0,4095.20087890625,4118.305421433701,58.73971448698924,4100.5645
2024-11-18 00:00:00+05:30,4202.984067356694,4202.984067356694,3980.7137005323643,4009.944091796875,3313944,0.0,0.0,4098.722485351563,4098.603361499732,44.03976556063676,3976.278
2024-11-19 00:00:00+05:30,4010.3431024386978,4122.32624236372,4004.5570860479797,4029.946533203125,1776233,0.0,0.0,4106.244580078125,4086.12030180944,47.039815845575866,3981.6033
2024-11-21 00:00:00+05:30,4035.2834902732247,4082.7204928271417,4014.433275703715,4063.167236328125,2384347,0.0,0.0,4116.370434570313,4081.9470171764738,49.05885981074919,4042.4214
2024-11-22 00:00:00+05:30,4061.3214163077837,4244.834279917868,4044.361832894069,4234.5087890625,3096553,0.0,0.0,4126.840502929687,4109.685521155751,70.23223607230828,4192.798
2024-11-25 00:00:00+05:30,4269.8246584798,4317.81040218259,4242.090945499517,4304.84130859375,4052167,0.0,0.0,4143.221459960938,4145.168391599023,72.44301376247596,4318.6606
2024-11-26 00:00:00+05:30,4310.776906050054,4356.218907385121,4299.75337125729,4342.35205078125,2060669,0.0,0.0,4163.7425537109375,4181.019965995792,75.7403112990855,4344.453
2024-11-27 00:00:00+05:30,4348.5871375123725,4366.992981830861,4313.769719793482,4322.24951171875,1558993,0.0,0.0,4177.095678710937,4206.698065218147,73.52476517567914,4312.929
2024-11-28 00:00:00+05:30,4308.732038044275,4329.6324265013845,4222.93649387391,4234.80810546875,2558544,0.0,0.0,4181.834399414062,4211.808981627348,57.659565373806316,4223.4546
2024-11-29 00:00:00+05:30,4209.967568343767,4288.480665473612,4185.67535947675,4260.69677734375,2017425,0.0,0.0,4193.855786132813,4220.697671757603,58.54649528620021,4240.6035
2024-12-02 00:00:00+05:30,4259.848329278071,4278.005254710035,4219.993113175897,4266.482421875,1670944,0.0,0.0,4206.899682617188,4229.022171778947,59.2126386811811,4220.068
2024-12-03 00:00:00+05:30,4304.0930270344115,4314.717609967825,4255.309380845213,4292.5205078125,2010905,0.0,0.0,4235.15732421875,4240.567323785048,57.67270414755591,4308.691
2024-12-04 00:00:00+05:30,4303.294869994538,4376.520760208883,4278.85311573444,4344.0478515625,3302642,0.0,0.0,4266.567456054688,4259.38196519913,60.7770573780571,4325.3066
2024-12-05 00:00:00+05:30,4390.337381715646,4478.327890655097,4349.634574127026,4453.43701171875,3746747,0.0,0.0,4305.59443359375,4294.6647009299695,69.8293192881456,4464.5835
2024-12-06 00:00:00+05:30,4442.4133216481205,4454.384792535113,4402.259013047999,4434.93115234375,1842087,0.0,0.0,4325.636669921875,4320.167692096112,68.60638023010168,4446.5605
2024-12-09 00:00:00+05:30,4419.917311205773,4458.7744198029895,4405.052344540118,4441.5654296875,2066639,0.0,0.0,4339.30908203125,4342.2400080218185,81.56414467165217,4364.545
2024-12-10 00:00:00+05:30,4415.627031739154,4483.116101037371,4401.610629507514,4422.01171875,2087828,0.0,0.0,4347.275048828125,4356.743955426942,78.69026252705291,4417.3296
2024-12-11 00:00:00+05:30,4421.313758363722,4438.073622972398,4396.522739659736,4416.92431640625,1635256,0.0,0.0,4356.742529296875,4367.6858392413615,76.99863123912547,4381.4004
2024-12-12 00:00:00+05:30,4419.517694897249,4474.337250258611,4415.47751831541,4444.35888671875,1914642,0.0,0.0,4377.697607421875,4381.626393328159,70.5239622045018,4477.012
2024-12-13 00:00:00+05:30,4424.406563710448,4484.213746564931,4383.952674834549,4463.263671875,1967048,0.0,0.0,4397.954296875,4396.46953488213,67.22715490098005,4478.1465
2024-12-16 00:00:00+05:30,4448.39928945305,4464.361251469477,4386.5466866393945,4404.70361328125,1646224,0.0,0.0,4411.776416015625,4397.966640045606,56.483425874401384,4380.7383
2024-12-17 00:00:00+05:30,4399.5157154705,4422.411349246116,4307.734435238463,4318.20947265625,3225027,0.0,0.0,4414.3453125,4383.465336883905,49.630874818649524,4327.3154
2024-12-18 00:00:00+05:30,4301.449711036634,4351.629934738984,4279.402153374645,4337.513671875,1575404,0.0,0.0,4413.69189453125,4375.110488700468,60.718416898267755,4308.3867
2024-12-19 00:00:00+05:30,4271.82022690751,4353.625284965991,4251.867773722515,4261.744140625,3015763,0.0,0.0,4394.522607421875,4354.498425414019,50.09899674072269,4223.85
2024-12-20 00:00:00+05:30,4318.708152329051,4371.582149112012,4142.627766815982,4160.38525390625,4116989,0.0,0.0,4367.068017578125,4319.205121503515,41.506274318799974,4179.901
2024-12-23 00:00:00+05:30,4190.064808055705,4206.97470678817,4105.117336999115,4148.4140625,2195338,0.0,0.0,4337.752880859375,4288.152201684694,38.19757593014123,4137.517
2024-12-24 00:00:00+05:30,4148.41368350807,4207.971945003141,4148.41368350807,4169.5634765625,1181886,0.0,0.0,4312.508056640625,4266.59061529884,34.961282068547575,4162.784
2024-12-26 00:00:00+05:30,4169.563654172128,4189.965231177923,4133.299975260031,4159.1884765625,1208464,0.0,0.0,4286.73447265625,4247.062953710414,19.419384369617745,4166.68
2024-12-27 00:00:00+05:30,4153.103031169175,4171.010552322772,4137.390474661629,4154.94873046875,858100,0.0,0.0,4257.79345703125,4230.31491312102,20.012823167887277,4157.763
2024-12-30 00:00:00+05:30,4141.131336367655,4189.316312212475,4102.224055683883,4148.91259765625,1527169,0.0,0.0,4226.358349609375,4215.514492127426,18.615562330275623,4202.0874
2024-12-31 00:00:00+05:30,4125.169566477492,4130.107993333899,4022.4643656444655,4085.065185546875,1555429,0.0,0.0,4194.394506835937,4191.796436385507,17.00047964245357,3997.1458
2025-01-01 00:00:00+05:30,4084.665959274456,4124.171912463796,4075.737285534502,4102.67333984375,763161,0.0,0.0,4172.840893554688,4175.592237014278,19.959942607119217,3978.2139
2025-01-02 00:00:00+05:30,4110.205291526971,4173.055518072165,4087.2102844407514,4165.82275390625,1720835,0.0,0.0,4155.671801757812,4173.815967358272,25.075872302087546,4207.672
2025-01-03 00:00:00+05:30,4170.012814052736,4170.012814052736,4082.5710463485834,4090.15283203125,1791953,0.0,0.0,4138.512670898437,4158.604488207904,19.692062268168158,4013.9607
2025-01-06 00:00:00+05:30,4095.739685997596,4139.784627457154,4056.732543944963,4085.2646484375,2085593,0.0,0.0,4131.0006103515625,4145.269971886012,21.57314902684645,4026.9192
2025-01-07 00:00:00+05:30,4105.1672884462705,4130.506804912367,4002.0129660800494,4018.72314453125,2669054,0.0,0.0,4118.031518554688,4122.26145782151,22.367454806100753,3970.351
2025-01-08 00:00:00+05:30,4025.3075474626567,4116.191068626907,4008.1984163780307,4098.6328125,2181277,0.0,0.0,4110.938452148437,4117.965340490326,30.17632819508748,4026.9192
2025-01-09 00:00:00+05:30,4091.250440575635,4127.913072541291,4015.7304555516193,4029.248291015625,2392472,0.0,0.0,4097.94443359375,4101.834967858562,30.49954028778599,3969.4739
2025-01-10 00:00:00+05:30,4190.014962137927,4286.784355311112,4160.086283836942,4255.5087890625,7894300,0.0,0.0,4108.000439453125,4129.775662622914,56.59635761791218,4198.0835
2025-01-13 00:00:00+05:30,4234.907938202855,4312.672814743107,4217.3496830137865,4280.8984375,4003771,0.0,0.0,4121.1990234375,4157.2525307823835,59.01930124083204,4290.7295
2025-01-14 00:00:00+05:30,4291.77260411065,4303.644216121458,4209.01961114277,4222.986328125,3441709,0.0,0.0,4134.991137695312,4169.204130299223,53.463564980543765,4206.678
2025-01-15 00:00:00+05:30,4207.972098937158,4246.330882501332,4197.447375425011,4239.4970703125,1653474,0.0,0.0,4148.673510742187,4181.984664847091,55.16555193189984,4198.671
2025-01-16 00:00:00+05:30,4249.872333885348,4283.791502747344,4181.884450193402,4196.2998046875,2637705,0.0,0.0,4151.721215820313,4184.587417545347,52.53281955361698,4226.7114
2025-01-17 00:00:00+05:30,4159.89990234375,4160.60009765625,4100.0498046875,4124.2998046875,1761466,10.0,0.0,4155.135913085937,4173.626033389375,48.60514243558119,4027.549
2025-01-20 00:00:00+05:30,4145.7998046875,4145.7998046875,4068.10009765625,4077.800048828125,1287799,0.0,0.0,4154.389453125,4156.203127105511,49.58001173110589,4008.111
2025-01-21 00:00:00+05:30,4095.300048828125,4111.0,4030.0,4035.85009765625,1971591,0.0,0.0,4156.1021484375,4134.320758114736,46.242774725169134,3991.7185
2025-01-22 00:00:00+05:30,4050.0,4163.14990234375,4044.199951171875,4156.60009765625,2409223,0.0,0.0,4161.898876953125,4138.371547122284,49.5129892732845,4211.318
2025-01-23 00:00:00+05:30,4168.0,4191.35009765625,4140.0498046875,4145.4501953125,1822998,0.0,0.0,4173.519067382813,4139.658574065959,53.13354989374889,4142.84
2025-01-24 00:00:00+05:30,4104.0,4178.0,4104.0,4152.35009765625,1910099,0.0,0.0,4163.203198242188,4141.966123809649,53.79290068243557,4198.0596
2025-01-27 00:00:00+05:30,4102.0,4156.35009765625,4041.050048828125,4065.14990234375,1551782,0.0,0.0,4141.628344726562,4127.999538088576,52.564974110708086,3998.8533
2025-01-28 00:00:00+05:30,4070.800048828125,4102.0,4028.300048828125,4040.300048828125,2468272,0.0,0.0,4123.359716796875,4112.054176404857,46.56847665014177,3992.65
2025-01-29 00:00:00+05:30,4054.0,4107.85009765625,4054.0,4099.7998046875,1217089,0.0,0.0,4109.389990234375,4109.826108819882,54.199147031684795,3996.5457
2025-01-30 00:00:00+05:30,4099.89990234375,4129.89990234375,4058.5,4100.0498046875,1531251,0.0,0.0,4099.764990234375,4108.048598977631,37.341691628372615,3997.1458
2025-01-31 00:00:00+05:30,4110.0,4128.4501953125,4085.25,4112.39990234375,1492943,0.0,0.0,4098.575,4108.839745044198,35.982274585502495,4008.0713
2025-02-01 00:00:00+05:30,4113.0,4135.89990234375,4056.0,4073.14990234375,437172,0.0,0.0,4098.1099853515625,4102.350682735026,37.13535535454963,3978.2139
2025-02-03 00:00:00+05:30,4030.89990234375,4077.0,3998.699951171875,4068.64990234375,1265713,0.0,0.0,4101.389965820313,4096.22326811843,35.02251577388341,3994.5227
2025-02-04 00:00:00+05:30,4083.699951171875,4118.85009765625,4066.050048828125,4107.0498046875,2547132,0.0,0.0,4096.4349365234375,4098.191729312806,42.10944143941912,3976.5027
2025-02-05 00:00:00+05:30,4150.0,4150.0,4076.0,4091.10009765625,1693912,0.0,0.0,4090.9999267578123,4096.902341738887,46.741926333120574,3967.5935
2025-02-06 00:00:00+05:30,4105.39990234375,4139.5,4051.550048828125,4082.75,2284536,0.0,0.0,4084.0399169921875,4094.329188695453,50.52508304210972,3992.3755
2025-02-07 00:00:00+05:30,4090.0,4090.0,4008.0,4029.39990234375,1548940,0.0,0.0,4080.4649169921877,4082.523863904234,49.33193145141306,3918.9182
2025-02-10 00:00:00+05:30,4040.0,4052.0,4014.35009765625,4036.949951171875,1339511,0.0,0.0,4080.1299072265624,4074.2376979528963,33.811353163657984,3915.1719
2025-02-11 00:00:00+05:30,4018.39990234375,4040.0,3955.0,3963.550048828125,1810908,0.0,0.0,4066.504931640625,4054.1126708393012,28.93696947560599,3916.095
2025-02-12 00:00:00+05:30,3971.10009765625,4021.75,3940.14990234375,3950.14990234375,1678002,0.0,0.0,4051.51494140625,4035.2103492946553,26.933574559009315,3924.2368
2025-02-13 00:00:00+05:30,3968.0,3984.449951171875,3902.25,3910.14990234375,2277310,0.0,0.0,4031.28994140625,4012.4720862126724,30.184076347238104,3950.6387
2025-02-14 00:00:00+05:30,3925.0,3948.0,3900.0,3934.85009765625,1681975,0.0,0.0,4017.4599609375,3998.3589973842318,36.513625228013446,3983.1946
2025-02-17 00:00:00+05:30,3856.5,3934.0,3856.199951171875,3904.5,1799806,0.0,0.0,4001.044970703125,3981.293725132553,23.00999909577621,3958.8484
2025-02-18 00:00:00+05:30,3898.39990234375,3924.39990234375,3864.5,3873.199951171875,2149735,0.0,0.0,3977.6599853515627,3961.6403116851566,21.127700630470784,
